lakeid,year4,daynum,sampledate,depth,rep,sta,dic,tic,doc,toc,no3no2,no2,nh4,totnf,totnuf,totpf,totpuf,po4,sio2uf,drsif,brsif,brsiuf,tpm,flagdic,flagtic,flagdoc,flagtoc,flagno3no2,flagno2,flagnh4,flagtotnf,flagtotnuf,flagtotpf,flagtotpuf,flagpo4,flagsio2uf,flagdrsif,flagbrsif,flagbrsiuf,flagtpm
"LR",2000,31,2000-01-31,0.000,1,1,1.67,1.75,4.96,5.06,57.0,,81,469,522,9.0,28.0,,,9,12,49,,,,,,,,,,,,,,,,,,
"LR",2000,31,2000-01-31,0.000,1,2,1.45,1.50,5.48,5.79,11.0,,54,385,475,6.0,13.0,,,1,21,12,,,,,,,,,,,,,,,,,,
"LR",2000,31,2000-01-31,4.000,1,1,2.70,2.66,4.28,4.41,64.0,,107,422,485,11.0,16.0,,,50,58,131,,,,,,,,,,,,,,,,,,
"LR",2000,31,2000-01-31,4.000,1,2,3.08,3.22,4.73,4.92,21.0,,131,448,496,9.0,14.0,,,64,67,85,,,,,,,,,,"E",,"E",,,,,"E",
"LR",2000,31,2000-01-31,6.000,1,2,3.13,3.20,4.70,4.85,21.0,,149,490,496,9.0,14.0,,,70,58,85,,,,,,,,,,,,,,,,,,
"LR",2000,31,2000-01-31,6.000,2,2,3.11,3.11,4.72,4.81,20.0,,140,480,496,8.0,14.0,,,72,67,95,,,,,,,,,,,,,,,,,,
"LR",2000,31,2000-01-31,9.000,1,1,7.09,8.56,6.53,6.42,6.0,,598,926,1768,97.0,360.0,,,417,370,692,,,,,,,,,,,,,,,,,,
"LR",2000,62,2000-03-02,0.000,1,1,1.25,1.42,4.16,3.91,102.0,,168,588,528,6.0,9.0,,,19,379,407,,,,,,,,,,,,,,,,,,
"LR",2000,62,2000-03-02,0.000,1,2,1.48,1.54,4.19,3.93,107.0,,170,528,568,4.0,8.0,,,23,379,388,,,,,,,,,,,,,,,,,,
"LR",2000,62,2000-03-02,0.000,2,1,1.32,1.53,4.15,4.11,136.0,,144,588,613,8.0,11.0,,,20,379,407,,,,,,,,,,,,,,,,,,
"LR",2000,62,2000-03-02,4.000,1,1,1.69,1.81,3.64,3.53,58.0,,132,382,460,5.0,14.0,,,65,425,467,,,,,,,,,,"E",,"R",,,,,"E",
"LR",2000,62,2000-03-02,4.000,1,2,2.17,2.44,3.98,3.82,24.0,,212,528,498,6.0,11.0,,,106,453,462,,,,,,,,,,,,,,,,,,
"LR",2000,62,2000-03-02,6.000,1,2,2.40,2.65,3.90,3.85,18.0,,247,493,508,5.0,10.0,,,113,462,471,,,,,,,,,,,,,,,,,,
"LR",2000,62,2000-03-02,9.000,1,1,4.25,5.32,4.96,4.71,4.0,,706,1050,1718,137.0,242.0,,,450,739,905,,,,,,,,,,,,,,,,,,
"LR",2000,91,2000-03-31,0.000,1,1,0.99,1.35,3.19,3.01,66.0,,449,306,479,4.0,14.0,,,38,48,100,0.77,,,,,,,,,,,,,,,,,
"LR",2000,91,2000-03-31,0.000,1,2,1.20,1.25,3.19,3.16,51.0,,77,306,396,6.0,9.0,,,24,48,58,1.55,,,,,"L",,"L",,,,,,,,"L",,"L"
"LR",2000,91,2000-03-31,0.000,2,2,1.29,1.19,3.12,3.20,32.0,,186,340,381,4.0,9.0,,,23,28,58,0.52,,,,,"L",,"NL",,,,,,,,"L",,"L"
"LR",2000,91,2000-03-31,4.000,1,1,1.04,1.47,3.21,2.99,6.0,,129,347,445,5.0,14.0,,,39,38,110,1.07,,,,,,,,,,,,,,,,,
"LR",2000,91,2000-03-31,4.000,1,2,0.88,1.33,3.47,3.29,47.0,,46,306,379,4.0,10.0,,,22,28,69,0.65,,,,,,,,,"E",,"E",,,,,,
"LR",2000,91,2000-03-31,6.000,1,2,0.90,1.35,3.47,3.19,41.0,,38,347,407,4.0,10.0,,,29,38,58,0.50,,,,,,,,,,,,,,"E",,"E",
"LR",2000,91,2000-03-31,9.000,1,1,1.09,1.64,3.19,2.98,52.0,,93,358,445,5.0,14.0,,,61,100,141,0.79,,,,,,,,,,,,,,,,,
"LR",2000,117,2000-04-26,0.000,1,1,,,,,,,,,,,,,,,,,,,,,,,,,,,,,,,,,,
"LR",2000,117,2000-04-26,0.000,1,2,,,,,,,,,,,,,,,,,,,,,,,,,,,,,,,,,,
"LR",2000,117,2000-04-26,2.000,1,1,,,,,,,,,,,,,,,,,,,,,,,,,,,,,,,,,,
"LR",2000,117,2000-04-26,2.000,1,2,,,,,,,,,,,,,,,,,,,,,,,,,,,,,,,,,,
"LR",2000,117,2000-04-26,4.000,1,1,,,,,,,,,,,,,,,,,,,,,,,,,,,,,,,,,,
"LR",2000,117,2000-04-26,6.000,1,2,,,,,,,,,,,,,,,,,,,,,,,,,,,,,,,,,,
"LR",2000,117,2000-04-26,9.000,1,1,,,,,,,,,,,,,,,,,,,,,,,,,,,,,,,,,,
"LR",2000,130,2000-05-09,0.000,1,1,0.64,1.02,3.77,3.69,2.0,,32,315,271,9.0,11.0,,,12,13,3,0.44,,,,,,,,,,,,,,,,,
"LR",2000,130,2000-05-09,0.000,1,2,0.71,0.95,3.93,3.82,0.0,,26,252,339,4.0,12.0,,,16,3,3,0.63,,,,,,,,"E",,"E",,,,,,,
"LR",2000,130,2000-05-09,4.000,1,1,0.64,0.98,3.51,3.47,0.0,,51,261,344,8.0,25.0,,,15,3,49,0.97,,,,,,,,,,,,,,,,,
"LR",2000,130,2000-05-09,4.000,1,2,0.68,1.11,3.79,3.73,0.0,,38,218,286,5.0,16.0,,,22,3,22,1.30,,,,,,,,,,,,,,,,,
"LR",2000,130,2000-05-09,6.000,1,1,0.91,1.40,3.53,3.47,0.0,,21,227,441,9.0,36.0,,,8,0,67,1.43,,,,,,,,,,,,,,,,,
"LR",2000,130,2000-05-09,6.000,1,2,1.71,2.47,3.72,3.73,0.0,,74,324,518,12.0,41.0,,,124,103,130,3.59,,,,,,,,,,,,,,,,,
"LR",2000,130,2000-05-09,9.000,1,1,2.19,2.52,3.74,3.64,3.0,,60,383,533,15.0,48.0,,,186,166,230,1.31,,,,,,,,,,,,,,,,,
"LR",2000,130,2000-05-09,9.000,2,1,1.63,2.26,3.71,3.46,6.0,,75,353,596,14.0,56.0,,,142,139,248,1.30,,,,,,,,,,,,,,,,,
"LR",2000,146,2000-05-25,0.000,1,1,,,,,,,,,,,,,,,,,,,,,,,,,,,,,,,,,,
"LR",2000,146,2000-05-25,0.000,1,2,,,,,,,,,,,,,,,,,,,,,,,,,,,,,,,,,,
"LR",2000,146,2000-05-25,2.000,1,1,,,,,,,,,,,,,,,,,,,,,,,,,,,,,,,,,,
"LR",2000,146,2000-05-25,4.000,1,2,,,,,,,,,,,,,,,,,,,,,,,,,,,,,,,,,,
"LR",2000,146,2000-05-25,6.000,1,1,,,,,,,,,,,,,,,,,,,,,,,,,,,,,,,,,,
"LR",2000,146,2000-05-25,6.000,1,2,,,,,,,,,,,,,,,,,,,,,,,,,,,,,,,,,,
"LR",2000,146,2000-05-25,9.000,1,1,,,,,,,,,,,,,,,,,,,,,,,,,,,,,,,,,,
"LR",2000,146,2000-05-25,9.000,2,1,,,,,,,,,,,,,,,,,,,,,,,,,,,,,,,,,,
"LR",2000,157,2000-06-05,0.000,1,1,0.62,0.76,3.88,3.71,0.0,,19,336,236,5.0,8.0,,,38,21,48,0.25,,,,,,,,,,,"E",,,,,,
"LR",2000,157,2000-06-05,0.000,1,2,0.69,0.90,4.14,4.12,1.0,,69,398,259,5.0,8.0,,,60,57,66,0.48,,,,,,,,,,,,,,,"E",,
"LR",2000,157,2000-06-05,4.000,1,1,0.95,1.16,3.62,3.63,1.0,,29,182,243,5.0,10.0,,,36,39,39,0.37,,,,,,,,,,,,,,,,,
"LR",2000,157,2000-06-05,4.000,1,2,0.92,1.55,4.11,4.24,0.0,,26,213,274,3.0,13.0,,,49,39,48,0.19,,,,,,,,,,,,,,,,,
"LR",2000,157,2000-06-05,6.000,1,1,2.17,2.07,3.65,3.64,9.0,,63,269,259,9.0,15.0,,,43,57,84,0.51,,,,,,,"L",,"L",,,,,,"L","L","L"
"LR",2000,157,2000-06-05,6.000,1,2,4.26,5.05,5.75,4.96,0.0,,167,454,949,23.0,86.0,,,225,220,238,11.60,,,,,,,,,"E",,"E",,,,,,
"LR",2000,157,2000-06-05,6.000,2,1,2.01,2.00,3.57,3.53,18.0,,109,218,310,7.0,18.0,,,44,39,66,0.34,,,,,,,"L",,"L",,,,,,"L","L","L"
"LR",2000,157,2000-06-05,9.000,1,1,3.73,4.09,4.28,3.67,4.0,,216,403,588,30.0,61.0,,,172,202,256,2.32,,,,,,,,,,,,,,,,,
"LR",2000,171,2000-06-19,0.000,1,1,,,,,,,,,,,,,,,,,,,,,,,,,,,,,,,,,,
"LR",2000,171,2000-06-19,0.000,1,2,,,,,,,,,,,,,,,,,,,,,,,,,,,,,,,,,,
"LR",2000,171,2000-06-19,0.000,2,2,,,,,,,,,,,,,,,,,,,,,,,,,,,,,,,,,,
"LR",2000,171,2000-06-19,4.000,1,1,,,,,,,,,,,,,,,,,,,,,,,,,,,,,,,,,,
"LR",2000,171,2000-06-19,4.000,1,2,,,,,,,,,,,,,,,,,,,,,,,,,,,,,,,,,,
"LR",2000,171,2000-06-19,6.000,1,1,,,,,,,,,,,,,,,,,,,,,,,,,,,,,,,,,,
"LR",2000,171,2000-06-19,6.000,1,2,,,,,,,,,,,,,,,,,,,,,,,,,,,,,,,,,,
"LR",2000,171,2000-06-19,9.000,1,1,,,,,,,,,,,,,,,,,,,,,,,,,,,,,,,,,,
"LR",2000,187,2000-07-05,0.000,1,1,0.56,0.88,4.25,4.22,0.0,,33,374,439,8.0,11.0,,,33,0,37,0.71,,,,,,,,,,,,,,,,,
"LR",2000,187,2000-07-05,0.000,1,2,0.58,0.97,4.52,4.83,0.0,,25,344,522,4.0,16.0,,,54,37,37,1.14,,,,,,,,,"E",,"E",,,,,"E",
"LR",2000,187,2000-07-05,2.000,1,1,0.65,0.83,4.01,4.00,3.0,,23,304,379,3.0,10.0,,,72,0,20,0.37,,,,,,,,,,,,,,,,,
"LR",2000,187,2000-07-05,4.000,1,2,1.26,1.58,3.77,4.15,5.0,,208,334,554,3.0,34.0,,,98,45,70,1.82,,,,,,,,,,,,,,,,,
"LR",2000,187,2000-07-05,6.000,1,1,2.75,2.75,3.67,3.62,1.0,,31,329,339,8.0,13.0,,,65,11,20,0.71,,,,,"E",,"E",,"E",,"E",,,,,"E",
"LR",2000,187,2000-07-05,6.000,1,2,8.76,9.86,6.58,6.15,2.0,,70,709,1074,16.0,69.0,,,225,206,197,7.09,,,,,,,"L","L",,,,,,,,,"L"
"LR",2000,187,2000-07-05,6.000,2,2,8.36,9.56,7.52,6.06,2.0,,42,584,1123,14.0,76.0,,,225,206,231,1.69,,,,,,,"L","L",,,,,,,,,"L"
"LR",2000,187,2000-07-05,9.000,1,1,6.41,6.29,4.32,4.11,1.0,,293,1009,1108,54.0,85.0,,,179,172,189,4.62,,,,,,,,,,,,,,,,,
"LR",2000,199,2000-07-17,0.000,1,1,,,,,,,,,,,,,,,,,,,,,,,,,,,,,,,,,,
"LR",2000,199,2000-07-17,0.000,1,2,,,,,,,,,,,,,,,,,,,,,,,,,,,,,,,,,,
"LR",2000,199,2000-07-17,4.000,1,1,,,,,,,,,,,,,,,,,,,,,,,,,,,,,,,,,,
"LR",2000,199,2000-07-17,4.000,1,2,,,,,,,,,,,,,,,,,,,,,,,,,,,,,,,,,,
"LR",2000,199,2000-07-17,6.000,1,2,,,,,,,,,,,,,,,,,,,,,,,,,,,,,,,,,,
"LR",2000,199,2000-07-17,8.000,1,1,,,,,,,,,,,,,,,,,,,,,,,,,,,,,,,,,,
"LR",2000,199,2000-07-17,8.000,2,1,,,,,,,,,,,,,,,,,,,,,,,,,,,,,,,,,,
"LR",2000,199,2000-07-17,9.000,1,1,,,,,,,,,,,,,,,,,,,,,,,,,,,,,,,,,,
"LR",2000,213,2000-07-31,0.000,1,1,0.59,0.73,4.18,4.30,2.0,,22,267,356,4.0,12.0,,,40,55,45,0.70,,,,,"E",,"E",,,,,,,,,,
"LR",2000,213,2000-07-31,0.000,1,2,0.66,0.85,4.70,4.95,2.0,,53,316,387,7.0,12.0,,,40,65,108,0.25,,,,,,,,,,,,,,,,,
"LR",2000,213,2000-07-31,4.000,1,1,1.13,1.27,3.90,4.13,2.0,,30,259,374,4.0,14.0,,,67,60,96,0.42,,,,,,,,"E",,"E",,,,,"E",,
"LR",2000,213,2000-07-31,4.000,1,2,1.60,1.86,4.45,4.75,7.0,,95,329,387,7.0,15.0,,,119,96,173,1.21,,,,,,,,,,,,,,,,,
"LR",2000,213,2000-07-31,6.000,1,2,12.60,13.91,7.72,7.11,4.0,,78,961,1780,32.0,103.0,,,431,444,466,17.50,,,,,,,"L",,,"L",,,,,,,"L"
"LR",2000,213,2000-07-31,6.000,2,2,13.23,14.63,8.06,7.49,26.0,,124,921,1809,21.0,106.0,,,449,403,475,21.75,,,,,,,"L",,,"L",,,,,,,"L"
"LR",2000,213,2000-07-31,8.000,1,1,2.78,5.47,3.13,4.58,0.0,,56,396,859,13.0,82.0,,,77,97,130,7.56,,,,,,,,,,,,,,,,,
"LR",2000,213,2000-07-31,9.000,1,1,6.78,7.38,6.02,5.98,5.0,,274,659,1231,19.0,87.0,,,221,238,346,1.72,,,,,,,,,,,,,,,,,
"LR",2000,227,2000-08-14,0.000,1,1,,,,,,,,,,,,,,,,,,,,,,,,,,,,,,,,,,
"LR",2000,227,2000-08-14,0.000,1,2,,,,,,,,,,,,,,,,,,,,,,,,,,,,,,,,,,
"LR",2000,227,2000-08-14,4.000,1,1,,,,,,,,,,,,,,,,,,,,,,,,,,,,,,,,,,
"LR",2000,227,2000-08-14,4.000,1,2,,,,,,,,,,,,,,,,,,,,,,,,,,,,,,,,,,
"LR",2000,227,2000-08-14,6.000,1,2,,,,,,,,,,,,,,,,,,,,,,,,,,,,,,,,,,
"LR",2000,227,2000-08-14,8.000,1,1,,,,,,,,,,,,,,,,,,,,,,,,,,,,,,,,,,
"LR",2000,227,2000-08-14,8.000,2,1,,,,,,,,,,,,,,,,,,,,,,,,,,,,,,,,,,
"LR",2000,227,2000-08-14,9.000,1,1,,,,,,,,,,,,,,,,,,,,,,,,,,,,,,,,,,
"LR",2000,242,2000-08-29,0.000,1,1,0.66,0.70,4.47,4.49,0.0,,9,325,307,9.0,9.0,,,53,98,98,0.42,,,,,,,,,,,,,,,,,
"LR",2000,242,2000-08-29,0.000,1,2,0.49,0.62,4.34,4.86,0.0,,31,467,490,4.0,10.0,,,63,68,68,0.52,,,,,,,,,,,,,,"E",,,
"LR",2000,242,2000-08-29,4.000,1,1,0.94,1.03,4.48,4.47,1.0,,22,307,316,4.0,9.0,,,77,108,129,0.42,,,,,"E",,"E",,,,,,,,,,
"LR",2000,242,2000-08-29,4.000,1,2,0.65,0.78,4.06,4.63,11.0,,343,432,325,9.0,12.0,,,122,129,119,0.38,,,,,,,"NL",,,,,,,,,,"L"
"LR",2000,242,2000-08-29,4.000,2,2,0.84,0.84,4.59,4.60,4.0,,72,401,387,8.0,14.0,,,128,152,119,1.17,,,,,,,"NL",,,,,,,,,,"L"
"LR",2000,242,2000-08-29,6.000,1,1,4.41,4.82,3.70,3.79,0.0,,24,250,303,8.0,17.0,,,68,134,98,1.88,,,,,,,,,,"E",,,,,,,
"LR",2000,242,2000-08-29,6.000,1,2,13.43,17.53,6.84,7.29,23.0,,227,627,1231,10.0,74.0,,,560,564,645,13.92,,,,,,,,,,,,,,,,,
"LR",2000,242,2000-08-29,9.000,1,1,12.16,12.82,9.29,8.86,2.0,,630,1666,1925,115.0,148.0,,,63,412,453,0.96,,,,,,,,,,,,,,,,,
"LR",2000,255,2000-09-11,0.000,1,1,,,,,,,,,,,,,,,,,,,,,,,,,,,,,,,,,,
"LR",2000,255,2000-09-11,0.000,1,2,,,,,,,,,,,,,,,,,,,,,,,,,,,,,,,,,,
"LR",2000,255,2000-09-11,4.000,1,1,,,,,,,,,,,,,,,,,,,,,,,,,,,,,,,,,,
"LR",2000,255,2000-09-11,4.000,1,2,,,,,,,,,,,,,,,,,,,,,,,,,,,,,,,,,,
"LR",2000,255,2000-09-11,6.000,1,1,,,,,,,,,,,,,,,,,,,,,,,,,,,,,,,,,,
"LR",2000,255,2000-09-11,6.000,1,2,,,,,,,,,,,,,,,,,,,,,,,,,,,,,,,,,,
"LR",2000,255,2000-09-11,6.000,2,2,,,,,,,,,,,,,,,,,,,,,,,,,,,,,,,,,,
"LR",2000,255,2000-09-11,9.000,1,1,,,,,,,,,,,,,,,,,,,,,,,,,,,,,,,,,,
"LR",2000,269,2000-09-25,0.000,1,1,0.92,1.00,3.83,3.78,2.0,,32,213,284,4.0,7.0,,,54,103,83,0.23,,,,,,,,"E",,"E",,,,"E",,,
"LR",2000,269,2000-09-25,0.000,1,2,0.71,0.79,4.48,4.42,0.0,,11,254,330,6.0,9.0,,,55,93,103,0.82,,,,,,,,,,,,,,,,,
"LR",2000,269,2000-09-25,4.000,1,2,0.83,0.93,4.60,4.38,0.0,,35,333,351,12.0,17.0,,,55,93,93,0.95,,,,,,,,"E",,"E",,,,"E",,,
"LR",2000,269,2000-09-25,6.000,1,1,1.14,1.44,3.77,3.93,2.0,,31,249,289,3.0,10.0,,,60,33,53,0.80,,,,,,,,,,,,,,,,,
"LR",2000,269,2000-09-25,6.000,1,2,0.88,0.94,4.53,4.46,0.0,,27,315,335,12.0,15.0,,,55,73,103,2.32,,,,,,,"L","L",,"L",,,,,"L","L","L"
"LR",2000,269,2000-09-25,6.000,2,2,0.94,0.88,4.45,4.47,0.0,,18,249,320,6.0,13.0,,,55,93,133,0.36,,,,,,,"L","L",,"L",,,,,"L","L","L"
"LR",2000,269,2000-09-25,8.000,1,1,5.00,7.45,4.55,5.18,1.0,,76,412,1410,17.0,159.0,,,156,194,214,7.41,,,,,,,,,,,,,,,,,
"LR",2000,269,2000-09-25,9.000,1,1,1.56,13.20,2.44,7.61,2.0,,541,1492,1839,115.0,161.0,,,439,394,459,8.10,,,,,,,,,,,,,,,,"E",
"LR",2000,283,2000-10-09,0.000,1,1,,,,,,,,,,,,,,,,,,,,,,,,,,,,,,,,,,
"LR",2000,283,2000-10-09,0.000,1,2,,,,,,,,,,,,,,,,,,,,,,,,,,,,,,,,,,
"LR",2000,283,2000-10-09,4.000,1,1,,,,,,,,,,,,,,,,,,,,,,,,,,,,,,,,,,
"LR",2000,283,2000-10-09,4.000,1,2,,,,,,,,,,,,,,,,,,,,,,,,,,,,,,,,,,
"LR",2000,283,2000-10-09,4.000,2,1,,,,,,,,,,,,,,,,,,,,,,,,,,,,,,,,,,
"LR",2000,283,2000-10-09,6.000,1,2,,,,,,,,,,,,,,,,,,,,,,,,,,,,,,,,,,
"LR",2000,283,2000-10-09,9.000,1,1,,,,,,,,,,,,,,,,,,,,,,,,,,,,,,,,,,
"LR",2000,297,2000-10-23,0.000,1,1,0.96,1.01,3.92,3.89,8.0,,43,304,332,13.0,17.0,,,56,67,62,1.65,,,,,,,,,,,,,,,,"E",
"LR",2000,297,2000-10-23,0.000,1,2,0.88,0.95,4.36,4.42,8.0,,10,276,339,10.0,15.0,,,63,66,96,0.47,,,,,,,,,,,,,,,,,
"LR",2000,297,2000-10-23,4.000,1,1,1.09,1.11,3.88,3.90,6.0,,16,311,304,13.0,13.0,,,61,61,57,-0.86,,,,,,,,,,,,,,,,,"K"
"LR",2000,297,2000-10-23,4.000,1,2,0.89,1.03,4.30,4.30,1.0,,11,353,374,15.0,19.0,,,64,56,96,0.81,,,,,,,"L",,,,,,,,"L",,
"LR",2000,297,2000-10-23,4.000,2,2,0.90,1.01,4.31,4.32,2.0,,4,311,388,13.0,21.0,,,64,66,86,0.80,,,,,,,"L",,,,,,,,"L",,
"LR",2000,297,2000-10-23,6.000,1,2,1.12,1.27,4.25,4.28,14.0,,17,311,367,10.0,19.0,,,79,66,96,0.42,,,,,,,,,,,,,,,,,
"LR",2000,297,2000-10-23,9.000,1,1,3.85,3.90,4.71,4.61,1.0,,221,689,801,63.0,81.0,,,217,288,278,3.50,,,,,,,,,,,,,,,,,
"LR",1996,39,1996-02-08,0.000,1,1,,,,,,,,,,,,,,,,,,,,,,,,,,,,,,,,,,
"LR",1996,39,1996-02-08,0.000,1,2,,,,,,,,,,,,,,,,,,,,,,,,,,,,,,,,,,
"LR",1996,39,1996-02-08,0.000,2,2,,,,,,,,,,,,,,,,,,,,,,,,,,,,,,,,,,
"LR",1996,39,1996-02-08,2.000,1,1,,,,,,,,,,,,,,,,,,,,,,,,,,,,,,,,,,
"LR",1996,39,1996-02-08,4.000,1,1,,,,,,,,,,,,,,,,,,,,,,,,,,,,,,,,,,
"LR",1996,39,1996-02-08,4.000,1,2,,,,,,,,,,,,,,,,,,,,,,,,,,,,,,,,,,
"LR",1996,39,1996-02-08,6.000,1,1,,,,,,,,,,,,,,,,,,,,,,,,,,,,,,,,,,
"LR",1996,39,1996-02-08,6.000,1,2,,,,,,,,,,,,,,,,,,,,,,,,,,,,,,,,,,
"LR",1996,39,1996-02-08,8.000,1,1,,,,,,,,,,,,,,,,,,,,,,,,,,,,,,,,,,
"LR",1996,39,1996-02-08,9.000,1,1,,,,,,,,,,,,,,,,,,,,,,,,,,,,,,,,,,
"LR",1996,57,1996-02-26,0.000,1,1,,,,,,,,,,,,,,,,,,,,,,,,,,,,,,,,,,
"LR",1996,57,1996-02-26,0.000,1,2,,,,,,,,,,,,,,,,,,,,,,,,,,,,,,,,,,
"LR",1996,57,1996-02-26,2.000,1,1,,,,,,,,,,,,,,,,,,,,,,,,,,,,,,,,,,
"LR",1996,57,1996-02-26,4.000,1,1,,,,,,,,,,,,,,,,,,,,,,,,,,,,,,,,,,
"LR",1996,57,1996-02-26,4.000,1,2,,,,,,,,,,,,,,,,,,,,,,,,,,,,,,,,,,
"LR",1996,57,1996-02-26,4.000,2,2,,,,,,,,,,,,,,,,,,,,,,,,,,,,,,,,,,
"LR",1996,57,1996-02-26,6.000,1,1,,,,,,,,,,,,,,,,,,,,,,,,,,,,,,,,,,
"LR",1996,57,1996-02-26,6.000,1,2,,,,,,,,,,,,,,,,,,,,,,,,,,,,,,,,,,
"LR",1996,57,1996-02-26,8.000,1,1,,,,,,,,,,,,,,,,,,,,,,,,,,,,,,,,,,
"LR",1996,57,1996-02-26,9.000,1,1,,,,,,,,,,,,,,,,,,,,,,,,,,,,,,,,,,
"LR",1996,94,1996-04-03,0.000,1,1,,,,,,,,,,,,,,,,,,,,,,,,,,,,,,,,,,
"LR",1996,94,1996-04-03,0.000,1,2,,,,,,,,,,,,,,,,,,,,,,,,,,,,,,,,,,
"LR",1996,94,1996-04-03,2.000,1,1,,,,,,,,,,,,,,,,,,,,,,,,,,,,,,,,,,
"LR",1996,94,1996-04-03,4.000,1,1,,,,,,,,,,,,,,,,,,,,,,,,,,,,,,,,,,
"LR",1996,94,1996-04-03,4.000,1,2,,,,,,,,,,,,,,,,,,,,,,,,,,,,,,,,,,
"LR",1996,94,1996-04-03,6.000,1,2,,,,,,,,,,,,,,,,,,,,,,,,,,,,,,,,,,
"LR",1996,94,1996-04-03,8.000,1,1,,,,,,,,,,,,,,,,,,,,,,,,,,,,,,,,,,
"LR",1996,94,1996-04-03,9.000,1,1,,,,,,,,,,,,,,,,,,,,,,,,,,,,,,,,,,
"LR",1996,130,1996-05-09,0.000,1,1,,,,,,,,,,,,,,,,,,,,,,,,,,,,,,,,,,
"LR",1996,130,1996-05-09,0.000,1,2,,,,,,,,,,,,,,,,,,,,,,,,,,,,,,,,,,
"LR",1996,130,1996-05-09,2.000,1,1,,,,,,,,,,,,,,,,,,,,,,,,,,,,,,,,,,
"LR",1996,130,1996-05-09,4.000,1,1,,,,,,,,,,,,,,,,,,,,,,,,,,,,,,,,,,
"LR",1996,130,1996-05-09,4.000,1,2,,,,,,,,,,,,,,,,,,,,,,,,,,,,,,,,,,
"LR",1996,130,1996-05-09,6.000,1,2,,,,,,,,,,,,,,,,,,,,,,,,,,,,,,,,,,
"LR",1996,130,1996-05-09,8.000,1,1,,,,,,,,,,,,,,,,,,,,,,,,,,,,,,,,,,
"LR",1996,130,1996-05-09,8.000,2,1,,,,,,,,,,,,,,,,,,,,,,,,,,,,,,,,,,
"LR",1996,130,1996-05-09,9.000,1,1,,,,,,,,,,,,,,,,,,,,,,,,,,,,,,,,,,
"LR",1996,155,1996-06-03,0.000,1,1,,,,,,,,,,,,,,,,,,,,,,,,,,,,,,,,,,
"LR",1996,155,1996-06-03,0.000,1,2,,,,,,,,,,,,,,,,,,,,,,,,,,,,,,,,,,
"LR",1996,155,1996-06-03,0.000,2,2,,,,,,,,,,,,,,,,,,,,,,,,,,,,,,,,,,
"LR",1996,155,1996-06-03,2.000,1,1,,,,,,,,,,,,,,,,,,,,,,,,,,,,,,,,,,
"LR",1996,155,1996-06-03,4.000,1,1,,,,,,,,,,,,,,,,,,,,,,,,,,,,,,,,,,
"LR",1996,155,1996-06-03,4.000,1,2,,,,,,,,,,,,,,,,,,,,,,,,,,,,,,,,,,
"LR",1996,155,1996-06-03,6.000,1,1,,,,,,,,,,,,,,,,,,,,,,,,,,,,,,,,,,
"LR",1996,155,1996-06-03,6.000,1,2,,,,,,,,,,,,,,,,,,,,,,,,,,,,,,,,,,
"LR",1996,155,1996-06-03,8.000,1,1,,,,,,,,,,,,,,,,,,,,,,,,,,,,,,,,,,
"LR",1996,155,1996-06-03,9.000,1,1,,,,,,,,,,,,,,,,,,,,,,,,,,,,,,,,,,
"LR",1996,170,1996-06-18,0.000,1,1,,,,,,,,,,,,,,,,,,,,,,,,,,,,,,,,,,
"LR",1996,170,1996-06-18,0.000,1,2,,,,,,,,,,,,,,,,,,,,,,,,,,,,,,,,,,
"LR",1996,170,1996-06-18,2.000,1,1,,,,,,,,,,,,,,,,,,,,,,,,,,,,,,,,,,
"LR",1996,170,1996-06-18,4.000,1,1,,,,,,,,,,,,,,,,,,,,,,,,,,,,,,,,,,
"LR",1996,170,1996-06-18,4.000,1,2,,,,,,,,,,,,,,,,,,,,,,,,,,,,,,,,,,
"LR",1996,170,1996-06-18,4.000,2,1,,,,,,,,,,,,,,,,,,,,,,,,,,,,,,,,,,
"LR",1996,170,1996-06-18,6.000,1,1,,,,,,,,,,,,,,,,,,,,,,,,,,,,,,,,,,
"LR",1996,170,1996-06-18,6.000,1,2,,,,,,,,,,,,,,,,,,,,,,,,,,,,,,,,,,
"LR",1996,170,1996-06-18,8.000,1,1,,,,,,,,,,,,,,,,,,,,,,,,,,,,,,,,,,
"LR",1996,170,1996-06-18,9.000,1,1,,,,,,,,,,,,,,,,,,,,,,,,,,,,,,,,,,
"LR",1996,183,1996-07-01,0.000,1,1,,,,,,,,,,,,,,,,,,,,,,,,,,,,,,,,,,
"LR",1996,183,1996-07-01,0.000,1,2,,,,,,,,,,,,,,,,,,,,,,,,,,,,,,,,,,
"LR",1996,183,1996-07-01,4.000,1,1,,,,,,,,,,,,,,,,,,,,,,,,,,,,,,,,,,
"LR",1996,183,1996-07-01,4.000,1,2,,,,,,,,,,,,,,,,,,,,,,,,,,,,,,,,,,
"LR",1996,183,1996-07-01,6.000,1,1,,,,,,,,,,,,,,,,,,,,,,,,,,,,,,,,,,
"LR",1996,183,1996-07-01,6.000,1,2,,,,,,,,,,,,,,,,,,,,,,,,,,,,,,,,,,
"LR",1996,183,1996-07-01,8.000,1,1,,,,,,,,,,,,,,,,,,,,,,,,,,,,,,,,,,
"LR",1996,183,1996-07-01,9.000,1,1,,,,,,,,,,,,,,,,,,,,,,,,,,,,,,,,,,
"LR",1996,197,1996-07-15,0.000,1,1,0.68,0.79,3.58,3.52,1.0,,17,157,268,3.0,16.0,,,30,41,41,,,,,,,,,,,,,,,,,"E",
"LR",1996,197,1996-07-15,0.000,1,2,0.78,0.89,3.75,3.79,1.0,,24,181,140,2.0,7.0,,,27,15,50,,,,,,,,,,,,,,,,,"E",
"LR",1996,197,1996-07-15,4.000,1,1,1.03,1.22,3.51,3.42,2.0,,98,154,173,2.0,9.0,,,28,23,41,,,,,,,,,,,,,,,,,,
"LR",1996,197,1996-07-15,4.000,1,2,0.88,0.98,4.14,3.90,3.0,,18,157,181,4.0,9.0,,,32,32,50,,,,,,,,,,,,,,,,,,
"LR",1996,197,1996-07-15,6.000,1,1,2.72,1.69,3.65,3.01,4.0,,58,222,143,6.0,10.0,,,23,15,58,,,,,,,,,,,"L",,,,,"L","L",
"LR",1996,197,1996-07-15,6.000,1,2,3.27,5.50,6.13,8.10,7.0,,175,418,494,14.0,65.0,,,77,76,94,,,,,,,,,,,,,,,,,,
"LR",1996,197,1996-07-15,6.000,2,1,2.39,1.76,3.03,2.77,2.0,,46,83,135,1.0,12.0,,,25,28,32,,,,,,,,,,,"L",,,,,"L","L",
"LR",1996,197,1996-07-15,9.000,1,1,6.89,7.94,3.59,5.59,7.5,,547,812,,21.0,80.0,,,203,295,374,,,,,,"E",,"E",,,,,,,,,,
"LR",1996,211,1996-07-29,0.000,1,1,,,,,,,,,,,,,,,,,,,,,,,,,,,,,,,,,,
"LR",1996,211,1996-07-29,0.000,1,2,,,,,,,,,,,,,,,,,,,,,,,,,,,,,,,,,,
"LR",1996,211,1996-07-29,4.000,1,1,,,,,,,,,,,,,,,,,,,,,,,,,,,,,,,,,,
"LR",1996,211,1996-07-29,4.000,1,2,,,,,,,,,,,,,,,,,,,,,,,,,,,,,,,,,,
"LR",1996,211,1996-07-29,6.000,1,1,,,,,,,,,,,,,,,,,,,,,,,,,,,,,,,,,,
"LR",1996,211,1996-07-29,6.000,1,2,,,,,,,,,,,,,,,,,,,,,,,,,,,,,,,,,,
"LR",1996,211,1996-07-29,6.000,2,2,,,,,,,,,,,,,,,,,,,,,,,,,,,,,,,,,,
"LR",1996,211,1996-07-29,9.000,1,1,,,,,,,,,,,,,,,,,,,,,,,,,,,,,,,,,,
"LR",1996,225,1996-08-12,0.000,1,1,0.59,0.72,3.45,3.43,0.0,,4,225,269,1.0,6.0,,,18,27,27,,,,,,,,,"E",,"E",,,,,,,
"LR",1996,225,1996-08-12,0.000,1,2,0.69,0.78,3.69,3.63,5.0,,25,182,237,0.0,5.0,,,25,35,62,,,,,,,,"L",,,,,,,,,,
"LR",1996,225,1996-08-12,0.000,2,2,0.68,0.79,3.65,3.74,2.0,,45,237,279,0.0,8.0,,,25,18,35,,,,,,,,"L",,,,,,,,,,
"LR",1996,225,1996-08-12,4.000,1,1,0.67,0.69,3.55,3.63,1.0,,16,229,391,7.0,13.0,,,15,27,27,,,,,,,,,,,,,,,,,,
"LR",1996,225,1996-08-12,4.000,1,2,0.93,0.90,3.69,3.76,1.0,,4,262,242,3.0,7.0,,,23,35,44,,,,,,,,,,,,,,,"E",,,
"LR",1996,225,1996-08-12,6.000,1,1,1.81,2.17,2.90,3.29,6.0,,36,229,245,11.0,16.0,,,19,35,53,,,,,,,,,,,,,,,,,,
"LR",1996,225,1996-08-12,6.000,1,2,4.10,5.10,6.12,6.90,4.0,,256,518,734,22.0,52.0,,,44,142,163,,,,,,,,,,,,,,,,,,
"LR",1996,225,1996-08-12,9.000,1,1,8.20,9.35,6.27,6.14,3.0,,815,,,40.0,137.0,,,369,328,354,,,,,,"E",,"E",,,,,,,,,,
"LR",1996,239,1996-08-26,0.000,1,1,,,,,,,,,,,,,,,,,,,,,,,,,,,,,,,,,,
"LR",1996,239,1996-08-26,0.000,1,2,,,,,,,,,,,,,,,,,,,,,,,,,,,,,,,,,,
"LR",1996,239,1996-08-26,0.000,2,1,,,,,,,,,,,,,,,,,,,,,,,,,,,,,,,,,,
"LR",1996,239,1996-08-26,4.000,1,1,,,,,,,,,,,,,,,,,,,,,,,,,,,,,,,,,,
"LR",1996,239,1996-08-26,4.000,1,2,,,,,,,,,,,,,,,,,,,,,,,,,,,,,,,,,,
"LR",1996,239,1996-08-26,6.000,1,2,,,,,,,,,,,,,,,,,,,,,,,,,,,,,,,,,,
"LR",1996,239,1996-08-26,7.000,1,1,,,,,,,,,,,,,,,,,,,,,,,,,,,,,,,,,,
"LR",1996,239,1996-08-26,9.000,1,1,,,,,,,,,,,,,,,,,,,,,,,,,,,,,,,,,,
"LR",1996,253,1996-09-09,0.000,1,1,0.43,0.44,3.63,3.14,4.0,,43,183,199,7.0,9.0,,,22,32,41,,,"J",,"J",,,,,,,,,,,,,
"LR",1996,253,1996-09-09,0.000,1,2,0.67,0.65,3.74,3.46,0.0,,14,,313,,12.0,,,16,41,50,,"J","J","J","J",,,,,,,,,,,,"E",
"LR",1996,253,1996-09-09,4.000,1,1,0.44,0.63,3.32,3.42,4.0,,25,190,201,7.0,11.0,,,22,32,41,,,,,,,,,,,,,,,"E",,"E",
"LR",1996,253,1996-09-09,4.000,1,2,0.55,0.67,3.70,3.62,2.0,,9,206,230,6.0,10.0,,,15,24,59,,,,,,,,"L",,,,,,,,,,
"LR",1996,253,1996-09-09,4.000,2,2,0.68,0.65,3.64,3.73,3.0,,63,230,253,7.0,10.0,,,18,24,68,,"J","J","J","J",,,"L",,,,,,,,,,
"LR",1996,253,1996-09-09,6.000,1,1,1.08,0.97,3.44,3.33,6.0,,86,255,210,18.0,18.0,,,14,32,32,,,,,,,,,,,,,,,,,,
"LR",1996,253,1996-09-09,6.000,1,2,1.51,3.00,7.72,7.51,2.0,,17,684,1798,39.0,73.0,,,63,103,156,,"J",,"J",,,,,"E",,,,,,,,,
"LR",1996,253,1996-09-09,9.000,1,1,7.18,6.22,6.61,6.09,5.0,,1173,1999,3850,87.0,108.0,,,547,502,519,,,,,,,,,,,"E",,,,,,,
"LR",1996,267,1996-09-23,0.000,1,1,,,,,,,,,,,,,,,,,,,,,,,,,,,,,,,,,,
"LR",1996,267,1996-09-23,0.000,1,2,,,,,,,,,,,,,,,,,,,,,,,,,,,,,,,,,,
"LR",1996,267,1996-09-23,4.000,1,1,,,,,,,,,,,,,,,,,,,,,,,,,,,,,,,,,,
"LR",1996,267,1996-09-23,4.000,1,2,,,,,,,,,,,,,,,,,,,,,,,,,,,,,,,,,,
"LR",1996,267,1996-09-23,6.000,1,1,,,,,,,,,,,,,,,,,,,,,,,,,,,,,,,,,,
"LR",1996,267,1996-09-23,6.000,1,2,,,,,,,,,,,,,,,,,,,,,,,,,,,,,,,,,,
"LR",1996,267,1996-09-23,9.000,1,1,,,,,,,,,,,,,,,,,,,,,,,,,,,,,,,,,,
"LR",1996,267,1996-09-23,9.000,2,1,,,,,,,,,,,,,,,,,,,,,,,,,,,,,,,,,,
"LR",1996,281,1996-10-07,0.000,1,1,0.70,1.03,3.19,3.42,3.0,,8,188,223,6.0,8.0,,,,7,69,,,,,,,,,"E",,"E",,,,,,,
"LR",1996,281,1996-10-07,0.000,1,2,0.68,0.95,3.66,3.68,0.0,,8,121,177,14.0,7.0,,,4,32,65,,,,,,,,,,,,,,,,,,
"LR",1996,281,1996-10-07,4.000,1,1,0.74,0.96,3.10,3.28,0.0,,11,196,230,2.0,8.0,,,,32,40,,,,,,,,,"E",,"E",,,,,"L","L",
"LR",1996,281,1996-10-07,4.000,1,2,0.64,1.03,3.58,3.65,0.0,,9,223,205,4.0,17.0,,,6,48,73,,,,,,,,,"E","E","E","E",,,,,,
"LR",1996,281,1996-10-07,4.000,2,1,0.76,0.92,3.24,3.24,0.0,,17,158,,2.0,8.0,,,17,23,57,,,,,,,,,,,,,,,,"L","L",
"LR",1996,281,1996-10-07,6.000,1,1,0.94,1.10,3.14,3.38,0.0,,11,179,201,6.0,12.0,,,,98,65,,,,,,,,,,,,,,,,,,
"LR",1996,281,1996-10-07,6.000,1,2,0.83,0.95,4.01,3.84,0.0,,276,199,247,3.0,10.0,,,5,81,77,,,,,,,,,,,,,,,,,,
"LR",1996,281,1996-10-07,9.000,1,1,10.17,14.50,9.08,5.66,0.0,,1581,1983,2519,83.0,118.0,,,672,620,670,,,,,,,,,,,,"E",,,,,"E",
"LR",1996,295,1996-10-21,0.000,1,1,,,,,,,,,,,,,,,,,,,,,,,,,,,,,,,,,,
"LR",1996,295,1996-10-21,0.000,1,2,,,,,,,,,,,,,,,,,,,,,,,,,,,,,,,,,,
"LR",1996,295,1996-10-21,4.000,1,1,,,,,,,,,,,,,,,,,,,,,,,,,,,,,,,,,,
"LR",1996,295,1996-10-21,4.000,1,2,,,,,,,,,,,,,,,,,,,,,,,,,,,,,,,,,,
"LR",1996,295,1996-10-21,6.000,1,1,,,,,,,,,,,,,,,,,,,,,,,,,,,,,,,,,,
"LR",1996,295,1996-10-21,6.000,1,2,,,,,,,,,,,,,,,,,,,,,,,,,,,,,,,,,,
"LR",1996,295,1996-10-21,6.000,2,1,,,,,,,,,,,,,,,,,,,,,,,,,,,,,,,,,,
"LR",1996,295,1996-10-21,9.000,1,1,,,,,,,,,,,,,,,,,,,,,,,,,,,,,,,,,,
"LR",1996,313,1996-11-08,0.000,1,1,0.76,0.77,3.52,3.47,13.0,,49,105,161,5.0,13.0,,,23,58,95,,,,,,,,,,,,,,,,,"E",
"LR",1996,313,1996-11-08,0.000,1,2,0.63,0.78,3.84,3.94,1.0,,16,139,187,3.0,8.0,,,19,66,83,,,,,,,,,,"E",,"E",,,,,,
"LR",1996,313,1996-11-08,4.000,1,1,0.65,0.77,3.30,3.59,1.0,,16,113,156,3.0,12.0,,,22,58,99,,,,,,,,,,"E",,"E",,,,,,
"LR",1996,313,1996-11-08,4.000,1,2,0.71,0.79,4.00,4.02,1.0,,12,131,209,3.0,8.0,,,19,66,116,,,,,,,,,,,,,,,,,,
"LR",1996,313,1996-11-08,6.000,1,1,0.66,0.79,3.34,3.46,1.0,,18,105,165,3.0,14.0,,,22,83,120,,,,,,,,,,,,,,,,,,
"LR",1996,313,1996-11-08,6.000,1,2,0.65,0.80,3.88,4.11,0.0,,8,137,191,2.0,8.0,,,18,58,95,,,,,,,,,,,,,,,,,,
"LR",1996,313,1996-11-08,6.000,2,2,0.64,0.76,3.82,4.00,1.0,,16,117,215,1.0,8.0,,,18,66,91,,,,,,,,,,,,,,,,,,
"LR",1996,313,1996-11-08,9.000,1,1,0.65,0.78,3.34,3.55,1.0,,6,113,159,4.0,14.0,,,23,58,75,,,,,,"E",,"E",,,,,,,"E",,,
"LR",1997,29,1997-01-29,0.000,1,1,1.92,2.11,3.22,3.20,5.0,,92,311,312,7.0,12.0,,,39,19,27,,,,,,,,,,,,,,,,,"E",
"LR",1997,29,1997-01-29,0.000,1,2,1.11,1.28,3.76,3.98,8.0,,145,211,249,1.0,3.0,,,23,10,96,,,,,,,,,,,,,,,"E",,,
"LR",1997,29,1997-01-29,4.000,1,1,2.29,,2.99,,7.0,,120,287,255,5.0,7.0,,,90,53,61,,,"C",,"C",,,,,,,,,,"L",,,
"LR",1997,29,1997-01-29,4.000,1,2,2.94,2.93,3.39,3.37,21.0,,160,325,346,2.0,4.0,,,106,87,78,,,,,,,,,,,,,,,,,,
"LR",1997,29,1997-01-29,4.000,2,1,2.25,,3.00,,10.0,,114,267,264,4.0,7.0,,,70,53,66,,,"D",,"D",,,,,,,,,,"L",,,
"LR",1997,29,1997-01-29,6.000,1,2,3.07,3.15,3.45,3.38,13.0,,140,334,334,1.0,3.0,,,117,96,108,,,,,,,,,,"E",,"E",,,,,"E",
"LR",1997,29,1997-01-29,9.000,1,1,3.90,5.13,3.40,4.02,2.0,,289,497,588,14.0,33.0,,,197,198,198,,,,,,"E",,,,,,,,,,,,
"LR",1997,56,1997-02-25,0.000,1,1,1.85,1.96,3.10,3.08,16.0,,100,263,300,1.0,12.0,,,41,51,111,,,,,,,,,,,"L","L",,,"E","L",,
"LR",1997,56,1997-02-25,0.000,1,2,1.59,,3.14,,13.0,,84,222,241,1.0,4.0,,,42,43,60,,,"D",,"D",,,,,,,,,,,,,
"LR",1997,56,1997-02-25,0.000,2,1,1.87,2.00,3.20,3.26,16.0,,91,282,293,5.0,16.0,,,42,43,103,,,,,,"E",,"E",,,"L","L",,,,"L",,
"LR",1997,56,1997-02-25,4.000,1,1,2.23,3.39,2.88,2.83,13.0,,158,295,293,0.0,3.0,,,80,94,98,,,,,,,,,,"E",,"E",,,,,"E",
"LR",1997,56,1997-02-25,4.000,1,2,3.02,3.21,3.04,3.16,17.0,,258,418,400,0.0,4.0,,,162,163,180,,,,,,,,,,,,,,,,,,
"LR",1997,56,1997-02-25,6.000,1,2,3.21,3.31,3.09,3.21,16.0,,283,455,479,0.0,5.0,,,173,171,176,,,,,,,,,,"E",,"E",,,,,"E",
"LR",1997,56,1997-02-25,9.000,1,1,3.11,5.18,3.26,3.68,5.0,,376,478,732,14.0,64.0,,,184,206,317,,,,,,,,,,,,,,,,,,
"LR",1997,132,1997-05-12,0.000,1,1,0.68,0.89,2.88,2.94,3.0,,45,146,215,0.0,6.0,,,5,3,11,,,,,,,,,,,,,,,,,,
"LR",1997,132,1997-05-12,0.000,1,2,0.95,1.05,3.32,3.17,29.0,,39,156,330,0.0,5.0,,,68,66,66,,,,,,,,,,,,,,,,,,
"LR",1997,132,1997-05-12,4.000,1,1,0.71,0.90,2.96,2.97,0.0,,39,133,197,3.0,11.0,,,2,3,15,,,,,,,,"L","L","L",,"L",,,,"L","L",
"LR",1997,132,1997-05-12,4.000,1,2,0.99,1.11,3.13,3.11,28.0,,52,206,266,0.0,3.0,,,69,66,66,,,,,,"E",,"E",,,,,,,,,,
"LR",1997,132,1997-05-12,4.000,2,1,0.73,0.91,3.07,2.99,2.0,,54,105,137,0.0,6.0,,,5,11,26,,,,,,,,"L","L","L",,"L",,,,"L","L",
"LR",1997,132,1997-05-12,6.000,1,2,2.45,2.64,3.03,3.10,32.0,,87,192,243,0.0,5.0,,,78,66,86,,,,,,,,,,,,,,,,,,
"LR",1997,132,1997-05-12,9.000,1,1,4.43,4.73,3.35,3.32,3.0,,328,542,588,5.0,18.0,,,172,150,158,,,,,,,,,,"E",,"E",,,,,"E",
"LR",1997,160,1997-06-09,0.000,1,1,0.75,0.81,3.24,3.49,2.0,,9,61,84,1.0,4.0,,,14,15,25,,,,,,,,,,,,,,,,,,
"LR",1997,160,1997-06-09,0.000,1,2,0.72,0.82,3.52,3.59,5.0,,15,165,183,4.0,6.0,,,37,156,156,,,,,,,,,,"E",,"E",,,"E",,"E",
"LR",1997,160,1997-06-09,2.000,1,1,0.88,0.91,3.33,3.41,3.0,,59,69,109,2.0,10.0,,,17,25,25,,,,,,,,,,,,,,,,,,
"LR",1997,160,1997-06-09,4.000,1,2,0.57,0.68,3.32,3.36,4.0,,15,148,189,4.0,12.0,,,39,156,171,,,,,,,,,,,,,,,,,,
"LR",1997,160,1997-06-09,6.000,1,1,2.44,2.91,3.80,3.38,4.0,,44,106,346,8.0,39.0,,,53,89,107,,,,,,,,,,,,,,,,,,
"LR",1997,160,1997-06-09,6.000,1,2,1.29,1.40,4.31,3.87,3.0,,52,191,309,6.0,25.0,,,45,202,194,,,,,,,,"L",,,,,,,,"L",,
"LR",1997,160,1997-06-09,6.000,2,2,1.26,1.37,4.34,4.05,2.0,,34,189,352,7.0,24.0,,,46,156,225,,,,,,,,"L",,,,,,,,"L",,
"LR",1997,160,1997-06-09,9.000,1,1,5.32,6.33,3.51,3.98,3.0,,202,320,638,9.0,56.0,,,204,199,208,,,,,,"E",,,"E",,"E",,,,,,,
"LR",1997,188,1997-07-07,0.000,1,1,0.87,0.92,3.83,3.92,0.0,,21,106,185,3.0,7.0,,,30,46,37,,,,,,"E",,"E",,,,,,,,,,
"LR",1997,188,1997-07-07,0.000,1,2,0.77,0.89,3.86,3.83,0.0,,58,115,180,2.0,8.0,,,18,29,55,,,,,,,,,,,,,,,,,,
"LR",1997,188,1997-07-07,2.000,1,1,0.88,0.91,3.66,3.65,0.0,,14,152,145,3.0,8.0,,,31,37,55,,,,,,,,,,,,,,,,,,
"LR",1997,188,1997-07-07,4.000,1,2,0.86,1.03,3.84,3.82,0.0,,28,134,173,1.0,8.0,,,18,20,3,,,,,,,,,,,,,,,,,,
"LR",1997,188,1997-07-07,6.000,1,1,1.85,2.08,3.74,3.50,0.0,,25,134,260,6.0,20.0,,,16,63,29,,,,,,,,,,,,,,,,,,
"LR",1997,188,1997-07-07,6.000,1,2,,4.02,,6.25,0.0,,85,446,624,29.0,52.0,,,210,115,141,,"D",,"D",,,,,,,,,,,,,,
"LR",1997,188,1997-07-07,8.000,1,1,4.79,6.17,2.82,3.99,0.0,,22,288,540,22.0,55.0,,,190,184,219,,,,,,,,,,,,,,,,,,
"LR",1997,188,1997-07-07,9.000,1,1,6.38,8.03,4.24,4.53,0.0,,351,512,1156,8.0,103.0,,,281,262,292,,,,,,,,,,"E",,"E",,,"E",,"E",
"LR",1997,216,1997-08-04,0.000,1,1,0.83,1.04,3.53,3.57,0.0,,116,81,108,4.0,6.0,,,22,20,63,,,,,,,,,,,,,,,,,,
"LR",1997,216,1997-08-04,0.000,1,2,0.89,1.06,3.68,3.77,0.0,,13,113,147,0.0,6.0,,,29,29,42,,,,,,,,,,"E",,"E",,,,,"E",
"LR",1997,216,1997-08-04,2.000,1,1,0.82,1.11,3.44,3.43,0.0,,14,110,192,0.0,5.0,,,23,98,29,,,,,,,,"L","L","L",,,,,"L","L","L",
"LR",1997,216,1997-08-04,2.000,1,2,0.93,1.14,3.63,3.74,0.0,,23,127,122,0.0,6.0,,,31,55,37,,,,,,,,,,,,,,,"E",,,
"LR",1997,216,1997-08-04,2.000,2,1,0.86,1.05,3.39,3.44,0.0,,21,146,117,1.0,5.0,,,28,29,37,,,,,,,,"L","L","L",,,,,"L","L","L",
"LR",1997,216,1997-08-04,6.000,1,1,1.96,2.43,3.48,3.30,0.0,,43,127,184,7.0,19.0,,,74,72,77,,,,,,,,,,"E",,"E",,,,,"E",
"LR",1997,216,1997-08-04,6.000,1,2,2.64,6.71,4.23,6.43,0.0,,89,1443,1725,132.0,181.0,,,128,495,495,,,,,,,,,,,,,,,,,,
"LR",1997,216,1997-08-04,9.000,1,1,4.97,7.68,3.77,4.95,0.0,,831,745,1245,16.0,118.0,,,340,305,305,,,,,,,,,,,,,,,,,,
"LR",1997,245,1997-09-02,0.000,1,1,0.79,0.90,3.33,3.32,0.0,,41,109,118,3.0,6.0,,,37,0,9,,,,,,,,,,,,,,,,,,
"LR",1997,245,1997-09-02,0.000,1,2,0.78,0.92,3.68,3.65,0.0,,11,114,144,3.0,3.0,,,21,0,0,,,,,,,,"L",,,,"L",,,"L",,,
"LR",1997,245,1997-09-02,0.000,2,2,0.78,0.92,3.76,3.70,0.0,,7,131,140,3.0,8.0,,,26,0,0,,,,,,,,"L",,,,"L",,,"L",,,
"LR",1997,245,1997-09-02,4.000,1,1,1.01,1.09,3.28,3.28,0.0,,88,162,179,3.0,10.0,,,56,0,18,,,,,,,,,,,,,,,,,,
"LR",1997,245,1997-09-02,4.000,1,2,0.91,1.17,3.74,3.74,2.0,,29,140,162,3.0,10.0,,,25,0,0,,,,,,,,,,"E",,"E",,,,,"E",
"LR",1997,245,1997-09-02,6.000,1,1,3.12,3.12,3.06,3.07,0.0,,8,101,180,8.0,16.0,,,116,55,64,,,,,,,,,,"E",,"E",,,,,"E",
"LR",1997,245,1997-09-02,6.000,1,2,2.79,3.33,4.21,4.53,0.0,,7,310,337,28.0,33.0,,,131,100,110,,,,,,,,,,,,,,,,,,
"LR",1997,245,1997-09-02,9.000,1,1,7.98,9.73,5.17,5.55,0.0,,720,1361,1839,86.0,158.0,,,474,374,419,,,,,,,,,,,,,,,"E",,,
"LR",1997,272,1997-09-29,0.000,1,1,0.87,1.09,3.36,3.37,0.0,,12,185,190,6.0,10.0,,,21,439,55,,,,,,,,,,,,,,,,,,
"LR",1997,272,1997-09-29,0.000,1,2,1.06,1.18,4.03,4.04,0.0,,18,237,342,11.0,26.0,,,41,46,55,,,,,,,,,,"E",,"E",,,,,"E",
"LR",1997,272,1997-09-29,2.000,1,2,1.07,1.15,4.13,4.04,0.0,,15,275,223,12.0,17.0,,,39,55,64,,,,,,,,,,,,,,,,,,
"LR",1997,272,1997-09-29,4.000,1,1,0.90,1.06,3.30,3.34,0.0,,25,143,181,5.0,9.0,,,24,348,458,,,,,,,,,,,,,,,,,,
"LR",1997,272,1997-09-29,6.000,1,1,1.14,1.42,3.34,3.42,0.0,,30,176,178,92.0,11.0,,,25,18,439,,,,,,"E",,"E",,"E",,"E",,,,,,
"LR",1997,272,1997-09-29,6.000,1,2,0.83,1.16,4.26,4.02,0.0,,15,247,219,11.0,17.0,,,39,46,82,,,,,,,,,"L","L","L",,,,"E","L","L",
"LR",1997,272,1997-09-29,6.000,2,2,0.83,1.24,4.01,4.06,0.0,,15,181,299,6.0,20.0,,,39,28,64,,,,,,,,,"L","L","L",,,,,"L","L",
"LR",1997,272,1997-09-29,9.000,1,1,11.68,11.94,6.32,5.98,1.0,,1170,2026,2069,153.0,162.0,,,629,570,597,,,,,,,,,,,,,,,,,,
"LR",1997,300,1997-10-27,0.000,1,1,1.17,,3.32,,3.0,,49,219,244,6.0,13.0,,,60,74,101,,,"D",,"D","E",,"E",,,,,,,,,,
"LR",1997,300,1997-10-27,0.000,1,2,0.75,0.95,4.06,4.10,0.0,,15,223,273,4.0,13.0,,,51,46,55,,,,,,,,,,,,,,,,,,
"LR",1997,300,1997-10-27,2.000,1,2,0.79,1.00,4.27,4.24,0.0,,20,268,290,5.0,14.0,,,55,55,74,,,,,,,,,,"E",,"E",,,,,"E",
"LR",1997,300,1997-10-27,4.000,1,1,1.18,1.29,3.31,3.38,3.0,,49,215,92,6.0,13.0,,,61,64,83,,,,,,,,,,,,,,,,,,
"LR",1997,300,1997-10-27,6.000,1,2,0.95,0.99,4.32,4.21,0.0,,12,224,280,6.0,14.0,,,54,83,105,,,,,,,,,,"E",,"E",,,,,"E",
"LR",1997,300,1997-10-27,9.000,1,1,1.22,1.28,3.29,3.34,6.0,,276,198,241,6.0,14.0,,,60,64,165,,,,,,,,"L",,"L",,,,,"E","L","L",
"LR",1997,300,1997-10-27,9.000,2,1,1.21,1.27,3.42,3.42,7.0,,63,179,192,6.0,12.0,,,60,129,74,,,,,,,,"L",,"L",,,,,,"L","L",
"LR",1998,21,1998-01-21,0.000,1,1,1.50,1.75,4.07,4.10,26.0,,83,323,438,10.0,23.0,,,38,22,155,,,,,,,,,,,,,,,"E",,,
"LR",1998,21,1998-01-21,0.000,1,2,0.88,0.88,5.07,1.47,7.0,,23,284,486,2.0,21.0,,,44,134,85,,,"A",,"A",,,,,"E",,"E",,,"E",,"E",
"LR",1998,21,1998-01-21,4.000,1,1,1.64,1.63,3.08,2.96,30.0,,127,328,345,9.0,17.0,,,66,58,49,,,,,,,,"E",,,,,,,,,,
"LR",1998,21,1998-01-21,4.000,1,2,1.68,1.92,3.70,3.57,12.0,,90,279,350,5.0,15.0,,,106,111,173,,,,,,,,,,,,,,,,,,
"LR",1998,21,1998-01-21,4.000,2,1,1.58,1.62,2.98,2.88,35.0,,134,345,363,6.0,13.0,,,68,93,102,,,,,,,,,,,,,,,,,,
"LR",1998,21,1998-01-21,6.000,1,2,2.34,2.16,3.63,3.58,16.0,,243,508,486,14.0,23.0,,,199,235,270,,,,,,,,,,,,,,,,,,
"LR",1998,21,1998-01-21,9.000,1,1,1.86,2.44,3.14,3.04,30.0,,312,482,495,22.0,40.0,,,233,199,261,,,,,,,,,,,,,,,,,,
"LR",1998,56,1998-02-25,0.000,1,1,1.46,1.58,3.62,3.71,154.0,,105,439,426,19.0,23.0,,,33,43,43,,,,,,,,,,,,,,,,,,
"LR",1998,56,1998-02-25,0.000,1,2,1.06,1.24,6.12,6.34,346.0,,163,814,827,19.0,29.0,,,62,70,34,,,,,,,,,,,,,,,,,,
"LR",1998,56,1998-02-25,4.000,1,1,2.60,2.84,3.08,3.26,32.0,,143,314,342,18.0,27.0,,,62,52,123,,,,,,,,,"E",,"E",,,,,"E",,
"LR",1998,56,1998-02-25,4.000,1,2,3.10,2.90,3.68,3.92,14.0,,204,338,422,19.0,37.0,,,168,185,140,,,,,,,,,,,,,,,,,,
"LR",1998,56,1998-02-25,6.000,1,2,3.47,,3.74,,9.0,,309,452,510,25.0,41.0,,,217,220,238,,,"D",,"D",,,,,,,,,,,,,
"LR",1998,56,1998-02-25,9.000,1,1,4.44,7.07,3.90,4.78,9.0,,751,1426,1077,280.0,212.0,,,712,644,538,,,,,,,,,"N",,"N",,,,,,,
"LR",1998,56,1998-02-25,9.000,2,1,,,,,10.0,,663,1572,1587,290.0,302.0,,,725,438,429,,"D","D","D","D",,,,,,,,,,,,,
"LR",1998,76,1998-03-17,0.000,1,1,1.50,1.91,3.74,3.95,110.0,,117,416,461,5.0,11.0,,,46,0,0,,,,,,,,,,,,,,,,,,
"LR",1998,76,1998-03-17,0.000,1,2,1.19,1.60,4.19,4.32,34.0,,10,286,389,3.0,11.0,,,87,20,20,,,,,,,,,,,,,,,"E",,,
"LR",1998,76,1998-03-17,4.000,1,1,2.22,2.62,3.12,3.16,35.0,,152,380,363,3.0,11.0,,,45,0,28,,,,,,,,,,,,,,,,,,
"LR",1998,76,1998-03-17,4.000,1,2,2.76,2.91,3.75,3.78,14.0,,138,398,416,4.0,10.0,,,174,79,104,,,,,,,,,,,,,,,,,,
"LR",1998,76,1998-03-17,6.000,1,2,3.08,3.40,3.89,3.83,7.0,,320,510,542,15.0,19.0,,,236,163,163,,,,,,,,,,,,,,,,,,
"LR",1998,76,1998-03-17,6.000,2,2,,3.61,,3.84,6.0,,304,497,474,8.0,16.0,,,236,155,155,,,,,,,,,,,,,,,,,,
"LR",1998,76,1998-03-17,9.000,1,1,5.64,5.84,4.89,4.47,1.0,,934,1256,1586,176.0,209.0,,,669,544,662,,,,,,,,,,"E",,"E",,,,,"E",
"LR",1998,117,1998-04-27,0.000,1,1,0.62,0.92,3.57,3.16,6.0,,15,204,350,6.0,16.0,,,9,37,45,,,,,,,,,,,,,,,,,,
"LR",1998,117,1998-04-27,0.000,1,2,0.74,1.10,4.07,4.59,1.0,,12,209,249,4.0,9.0,,,45,54,70,,,,,,,,,,,,,,,,,,
"LR",1998,117,1998-04-27,4.000,1,1,0.69,0.91,2.98,2.99,27.0,,48,209,239,6.0,14.0,,,12,37,54,,,,,,,,,,,,,,,,,,
"LR",1998,117,1998-04-27,4.000,1,2,0.70,1.01,4.13,4.60,1.0,,41,275,244,6.0,8.0,,,64,113,87,,,,,,,,,,,,,,,"E",,,
"LR",1998,117,1998-04-27,6.000,1,2,2.56,3.86,8.18,8.93,2.0,,32,858,835,37.0,42.0,,,183,189,214,,,,,,,,,,,,,,,,,,
"LR",1998,117,1998-04-27,6.000,2,2,2.88,3.90,8.76,10.22,1.0,,29,744,994,30.0,42.0,,,183,172,189,,,,,,,,,,,,,,,,,,
"LR",1998,117,1998-04-27,9.000,1,1,3.46,3.97,3.05,3.16,32.0,,229,525,527,7.0,34.0,,,228,223,223,,,,,,,,,,"E",,"E",,,,,"E",
"LR",1998,131,1998-05-11,0.000,1,1,,,,,,,,,,,,,,,,,,,,,,,,,,,,,,,,,,
"LR",1998,131,1998-05-11,0.000,1,2,,,,,,,,,,,,,,,,,,,,,,,,,,,,,,,,,,
"LR",1998,131,1998-05-11,0.000,2,2,,,,,,,,,,,,,,,,,,,,,,,,,,,,,,,,,,
"LR",1998,131,1998-05-11,2.000,1,1,,,,,,,,,,,,,,,,,,,,,,,,,,,,,,,,,,
"LR",1998,131,1998-05-11,4.000,1,2,,,,,,,,,,,,,,,,,,,,,,,,,,,,,,,,,,
"LR",1998,131,1998-05-11,6.000,1,1,,,,,,,,,,,,,,,,,,,,,,,,,,,,,,,,,,
"LR",1998,131,1998-05-11,6.000,1,2,,,,,,,,,,,,,,,,,,,,,,,,,,,,,,,,,,
"LR",1998,131,1998-05-11,9.000,1,1,,,,,,,,,,,,,,,,,,,,,,,,,,,,,,,,,,
"LR",1998,146,1998-05-26,0.000,1,1,0.60,0.75,3.71,4.13,0.0,,9,252,269,1.0,7.0,,,12,0,5,,,,,,,,"E","L","L",,,,,,,,
"LR",1998,146,1998-05-26,0.000,1,2,0.63,0.87,4.33,4.43,0.0,,4,231,310,3.0,8.0,,,21,33,26,,,,,,,,,,"E",,"E",,,,,"E",
"LR",1998,146,1998-05-26,0.000,2,1,0.61,0.72,3.88,3.72,0.0,,21,200,231,2.0,7.0,,,13,5,26,,,,,,,,,"L","L",,,,,,,,
"LR",1998,146,1998-05-26,2.000,1,1,0.56,0.72,3.78,3.80,0.0,,34,176,252,3.0,10.0,,,12,5,33,,,,,,,,,,,,,,,,,"E",
"LR",1998,146,1998-05-26,4.000,1,2,0.91,0.97,4.53,4.50,0.0,,5,242,347,4.0,11.0,,,45,26,47,,,,,,,,,,,,,,,,,,
"LR",1998,146,1998-05-26,6.000,1,1,0.69,0.83,3.00,3.17,0.0,,10,163,313,3.0,17.0,,,14,0,33,,,"A",,"A",,,,,"E",,"E",,,,,,
"LR",1998,146,1998-05-26,6.000,1,2,5.73,5.86,7.66,7.55,0.0,,197,1078,1252,78.0,104.0,,,217,194,243,,,,,,,,,,,,,,,,,,
"LR",1998,146,1998-05-26,9.000,1,1,4.49,5.31,4.15,4.41,0.0,,29,683,1222,40.0,108.0,,,188,173,201,,,,,,,,,,,,,,,,,,
"LR",1998,159,1998-06-08,0.000,1,1,,,,,,,,,,,,,,,,,,,,,,,,,,,,,,,,,,
"LR",1998,159,1998-06-08,0.000,1,2,,,,,,,,,,,,,,,,,,,,,,,,,,,,,,,,,,
"LR",1998,159,1998-06-08,2.000,1,1,,,,,,,,,,,,,,,,,,,,,,,,,,,,,,,,,,
"LR",1998,159,1998-06-08,4.000,1,2,,,,,,,,,,,,,,,,,,,,,,,,,,,,,,,,,,
"LR",1998,159,1998-06-08,6.000,1,1,,,,,,,,,,,,,,,,,,,,,,,,,,,,,,,,,,
"LR",1998,159,1998-06-08,6.000,1,2,,,,,,,,,,,,,,,,,,,,,,,,,,,,,,,,,,
"LR",1998,159,1998-06-08,6.000,2,2,,,,,,,,,,,,,,,,,,,,,,,,,,,,,,,,,,
"LR",1998,159,1998-06-08,9.000,1,1,,,,,,,,,,,,,,,,,,,,,,,,,,,,,,,,,,
"LR",1998,173,1998-06-22,0.000,1,1,0.42,0.62,3.94,4.27,0.0,,8,270,283,5.0,12.0,,,28,12,26,,,,,,,,,,,,,,,,,"E",
"LR",1998,173,1998-06-22,0.000,1,2,0.51,0.65,4.63,4.83,2.0,,14,265,339,3.0,10.0,,,42,47,57,,,,,,,,,,"E",,"E",,,"E",,"E",
"LR",1998,173,1998-06-22,2.000,1,1,0.40,0.62,4.10,4.13,0.0,,30,280,331,5.0,15.0,,,23,5,12,,,,,,"E",,"E",,,,,,,,,,
"LR",1998,173,1998-06-22,2.000,2,1,0.43,0.74,4.00,4.67,0.0,,18,270,357,8.0,15.0,,,39,54,103,,,,,,,,,,,,,,,,,,
"LR",1998,173,1998-06-22,4.000,1,2,0.63,0.80,4.54,4.86,1.0,,22,290,373,3.0,13.0,,,51,40,75,,,,,,,,,,,,,,,,,,
"LR",1998,173,1998-06-22,6.000,1,1,0.70,0.87,3.39,3.84,1.0,,115,244,347,5.0,14.0,,,30,33,26,,,,,,,,,,"E",,"E",,,,,,
"LR",1998,173,1998-06-22,6.000,1,2,3.56,4.41,7.87,7.66,1.0,,98,470,758,14.0,54.0,,,211,201,201,,,,,,,,,,,,,,,"E",,,
"LR",1998,173,1998-06-22,9.000,1,1,6.16,6.32,7.14,6.69,2.0,,558,871,1283,37.0,119.0,,,297,257,285,,,,,,,,,,,,,,,,,,
"LR",1998,187,1998-07-06,0.000,1,1,,,,,,,,,,,,,,,,,,,,,,,,,,,,,,,,,,
"LR",1998,187,1998-07-06,0.000,1,2,,,,,,,,,,,,,,,,,,,,,,,,,,,,,,,,,,
"LR",1998,187,1998-07-06,2.000,1,1,,,,,,,,,,,,,,,,,,,,,,,,,,,,,,,,,,
"LR",1998,187,1998-07-06,4.000,1,2,,,,,,,,,,,,,,,,,,,,,,,,,,,,,,,,,,
"LR",1998,187,1998-07-06,6.000,1,1,,,,,,,,,,,,,,,,,,,,,,,,,,,,,,,,,,
"LR",1998,187,1998-07-06,6.000,1,2,,,,,,,,,,,,,,,,,,,,,,,,,,,,,,,,,,
"LR",1998,187,1998-07-06,6.000,2,1,,,,,,,,,,,,,,,,,,,,,,,,,,,,,,,,,,
"LR",1998,187,1998-07-06,9.000,1,1,,,,,,,,,,,,,,,,,,,,,,,,,,,,,,,,,,
"LR",1998,201,1998-07-20,0.000,1,1,0.67,1.09,4.55,4.15,1.0,,13,222,270,4.0,8.0,,,53,57,66,,,,,,,,,,,,,,,,,,
"LR",1998,201,1998-07-20,0.000,1,2,0.95,1.11,4.62,4.60,1.0,,27,203,252,3.0,6.0,,,67,92,152,,,,,,,,,,,,,,,,,,
"LR",1998,201,1998-07-20,2.000,1,1,0.67,5.03,4.69,5.77,0.0,,13,216,307,5.0,14.0,,,55,83,75,,,,,,,,,,,,,,,,,,
"LR",1998,201,1998-07-20,4.000,1,2,1.05,1.66,5.23,5.20,1.0,,53,234,252,4.0,14.0,,,130,169,178,,,,,,,,,,,,,,,,,,
"LR",1998,201,1998-07-20,6.000,1,1,1.11,1.96,4.09,3.64,2.0,,62,179,252,5.0,14.0,,,101,126,169,,,,,,,,"NL",,,,,,,,,,
"LR",1998,201,1998-07-20,6.000,1,2,,8.77,,8.87,2.0,,103,1918,2288,171.0,254.0,,,473,470,419,,,,,,"E",,"E",,,,,,,"E",,,
"LR",1998,201,1998-07-20,6.000,2,1,1.06,1.77,3.82,3.59,2.0,,147,173,289,6.0,14.0,,,101,135,118,,,,,,,,"NL",,,,,,,,,,
"LR",1998,201,1998-07-20,9.000,1,1,5.03,5.93,5.77,3.88,8.0,,928,1653,1608,110.0,150.0,,,403,393,427,,,,,,,,,,"E",,"E",,,,,"E",
"LR",1998,215,1998-08-03,0.000,1,1,0.62,0.78,4.75,4.93,1.0,,8,208,269,4.0,12.0,,,81,100,100,,,,,,,,,,,,,,,,,,
"LR",1998,215,1998-08-03,0.000,1,2,0.86,0.94,4.95,5.07,13.0,,14,208,292,3.0,6.0,,,113,152,131,,,,,,,,,,"E",,"E",,,,,"E",
"LR",1998,215,1998-08-03,2.000,1,1,,,,,,,,,,,,,,,,,,,,,,,,,,,,,,,,,,
"LR",1998,215,1998-08-03,4.000,1,1,1.37,1.53,5.21,4.63,2.0,,10,189,278,3.0,15.0,,,96,66,126,,,,,,,,,,,,,,,,,,
"LR",1998,215,1998-08-03,4.000,1,2,2.29,1.41,5.01,5.01,3.0,,9,204,297,3.0,10.0,,,127,118,161,,,,,,,,,,,,,,,,,,
"LR",1998,215,1998-08-03,4.000,2,2,2.36,1.37,5.16,5.48,32.0,,16,227,325,4.0,10.0,,,132,152,247,,,,,,,,,,,,,,,,,,
"LR",1998,215,1998-08-03,6.000,1,1,3.18,2.94,3.46,3.71,4.0,,10,161,292,5.0,25.0,,,142,161,161,,,,,,,,"E",,,,,,,,,,
"LR",1998,215,1998-08-03,6.000,1,2,20.15,24.88,17.55,15.87,12.0,,250,1516,2807,31.0,13.0,,,675,617,686,,,,,,,,,,,,,,,,,,
"LR",1998,215,1998-08-03,6.000,2,2,,,,,,,,,,,,,,,,,,,,,,,,,,,,,,,,,,
"LR",1998,215,1998-08-03,9.000,1,1,10.77,11.73,7.93,8.55,72.0,,1289,,,,,,,,,,,,,,,,,,,,,,,,,,,
"LR",1998,229,1998-08-17,0.000,1,1,,,,,,,,,,,,,,,,,,,,,,,,,,,,,,,,,,
"LR",1998,229,1998-08-17,0.000,1,2,,,,,,,,,,,,,,,,,,,,,,,,,,,,,,,,,,
"LR",1998,229,1998-08-17,4.000,1,1,,,,,,,,,,,,,,,,,,,,,,,,,,,,,,,,,,
"LR",1998,229,1998-08-17,4.000,1,2,,,,,,,,,,,,,,,,,,,,,,,,,,,,,,,,,,
"LR",1998,229,1998-08-17,4.000,2,2,,,,,,,,,,,,,,,,,,,,,,,,,,,,,,,,,,
"LR",1998,229,1998-08-17,6.000,1,1,,,,,,,,,,,,,,,,,,,,,,,,,,,,,,,,,,
"LR",1998,229,1998-08-17,6.000,1,2,,,,,,,,,,,,,,,,,,,,,,,,,,,,,,,,,,
"LR",1998,229,1998-08-17,9.000,1,1,,,,,,,,,,,,,,,,,,,,,,,,,,,,,,,,,,
"LR",1998,243,1998-08-31,0.000,1,1,,,,,,,,,,,,,,,,,,,,,,,,,,,,,,,,,,
"LR",1998,243,1998-08-31,0.000,1,2,,,,,,,,,,,,,,,,,,,,,,,,,,,,,,,,,,
"LR",1998,243,1998-08-31,4.000,1,1,,,,,,,,,,,,,,,,,,,,,,,,,,,,,,,,,,
"LR",1998,243,1998-08-31,4.000,1,2,,,,,,,,,,,,,,,,,,,,,,,,,,,,,,,,,,
"LR",1998,243,1998-08-31,4.000,2,2,,,,,,,,,,,,,,,,,,,,,,,,,,,,,,,,,,
"LR",1998,243,1998-08-31,6.000,1,1,,,,,,,,,,,,,,,,,,,,,,,,,,,,,,,,,,
"LR",1998,243,1998-08-31,6.000,1,2,,,,,,,,,,,,,,,,,,,,,,,,,,,,,,,,,,
"LR",1998,243,1998-08-31,9.000,1,1,,,,,,,,,,,,,,,,,,,,,,,,,,,,,,,,,,
"LR",1998,257,1998-09-14,0.000,1,1,0.81,1.04,4.65,4.74,0.0,,6,243,325,1.0,8.0,,,136,163,256,,,,,,,,,,,,,,,,,,
"LR",1998,257,1998-09-14,0.000,1,2,,1.20,,5.46,0.0,,10,277,334,2.0,9.0,,,157,,,,"D",,"D",,,,,,"E",,"E",,,,,,
"LR",1998,257,1998-09-14,4.000,1,1,1.22,1.24,4.60,4.64,0.0,,5,272,296,0.0,6.0,,,152,195,260,,,,,,,,,,,,,,,,,"E",
"LR",1998,257,1998-09-14,4.000,1,2,2.32,2.00,5.24,5.66,0.0,,18,233,306,1.0,12.0,,,152,,,,,,,,,,,,,,,,,,,,
"LR",1998,257,1998-09-14,6.000,1,1,3.80,3.83,3.78,4.03,4.0,,35,204,412,7.0,31.0,,,205,227,249,,,,,,,,,,,,,,,,,,
"LR",1998,257,1998-09-14,6.000,1,2,26.95,32.75,17.04,10.32,5.0,,215,1674,2754,52.0,139.0,,,1146,,,,,,,,,,,,,,,,,"E",,,
"LR",1998,257,1998-09-14,9.000,1,1,11.52,,8.99,,3.0,,1749,2319,2925,99.0,194.0,,,692,622,615,,,"D",,"D",,,,,,,,,,,,,
"LR",1998,257,1998-09-14,9.000,2,1,12.07,13.99,9.44,7.36,2.0,,1823,2254,3004,102.0,202.0,,,702,651,643,,,,,,,,,,,,,,,,,,
"LR",1998,271,1998-09-28,0.000,1,1,,,,,,,,,,,,,,,,,,,,,,,,,,,,,,,,,,
"LR",1998,271,1998-09-28,0.000,1,2,,,,,,,,,,,,,,,,,,,,,,,,,,,,,,,,,,
"LR",1998,271,1998-09-28,4.000,1,1,,,,,,,,,,,,,,,,,,,,,,,,,,,,,,,,,,
"LR",1998,271,1998-09-28,4.000,1,2,,,,,,,,,,,,,,,,,,,,,,,,,,,,,,,,,,
"LR",1998,271,1998-09-28,6.000,1,1,,,,,,,,,,,,,,,,,,,,,,,,,,,,,,,,,,
"LR",1998,271,1998-09-28,6.000,1,2,,,,,,,,,,,,,,,,,,,,,,,,,,,,,,,,,,
"LR",1998,271,1998-09-28,9.000,1,1,,,,,,,,,,,,,,,,,,,,,,,,,,,,,,,,,,
"LR",1998,271,1998-09-28,9.000,2,1,,,,,,,,,,,,,,,,,,,,,,,,,,,,,,,,,,
"LR",1998,285,1998-10-12,0.000,1,1,1.18,1.16,4.36,4.59,1.0,,27,294,236,7.0,13.0,,,157,170,191,,,,,,,,,,,,,,,,,,
"LR",1998,285,1998-10-12,0.000,1,2,0.80,0.84,4.94,5.18,0.0,,29,340,382,9.0,17.0,,,82,148,242,,,,,,,,,,,,,,,,,,
"LR",1998,285,1998-10-12,0.000,2,2,0.80,0.88,5.01,5.28,1.0,,62,282,358,7.0,17.0,,,113,156,156,,,,,,,,,,,,,,,,,,
"LR",1998,285,1998-10-12,4.000,1,2,1.00,1.10,4.97,5.14,0.0,,25,271,398,8.0,24.0,,,84,91,152,,,,,,,,,,"E",,"E",,,,,"E",
"LR",1998,285,1998-10-12,6.000,1,1,2.12,1.98,4.30,4.22,2.0,,119,253,329,7.0,21.0,,,176,184,313,,,,,,,,,,,,,,,,,,
"LR",1998,285,1998-10-12,6.000,1,2,1.28,1.42,4.87,5.06,0.0,,24,305,462,9.0,29.0,,,78,177,234,,,,,,,,,,,,,,,,,,
"LR",1998,285,1998-10-12,8.000,1,1,13.85,14.35,7.64,7.96,1.0,,1050,1778,1936,42.0,105.0,,,565,536,521,,,,,,,,,,,,,,,,,,
"LR",1998,285,1998-10-12,9.000,1,1,15.92,17.51,11.20,11.80,2.0,,2320,2766,3517,143.0,250.0,,,819,730,830,,,,,,,,,,,,,,,,,,
"LR",1998,307,1998-11-03,0.000,1,1,1.04,1.32,4.58,4.81,8.0,,32,337,384,8.0,21.0,,,129,128,187,,,,,,,,,,,,,,,,,,
"LR",1998,307,1998-11-03,0.000,1,2,0.84,1.15,5.02,5.14,1.0,,16,414,402,9.0,19.0,,,55,69,118,,,,,,"E",,"E",,"E",,"E",,,"E",,"E",
"LR",1998,307,1998-11-03,4.000,1,1,1.06,1.27,4.52,4.62,3.0,,33,337,348,8.0,18.0,,,127,167,157,,,,,,,,,,"E",,"E",,,,,,
"LR",1998,307,1998-11-03,4.000,1,2,0.85,1.19,5.05,5.17,0.0,,13,271,466,7.0,21.0,,,53,78,108,,,,,,,,,,,,,,,,,,
"LR",1998,307,1998-11-03,4.000,2,2,0.86,1.24,5.05,5.32,1.0,,5,312,384,8.0,22.0,,,54,78,98,,,,,,,,,,,,,,,,,,
"LR",1998,307,1998-11-03,6.000,1,2,0.86,1.15,5.06,5.25,1.0,,18,281,438,6.0,20.0,,,53,59,98,,,,,,,,,,,,,,,,,,
"LR",1998,307,1998-11-03,9.000,1,1,1.02,1.26,4.55,4.54,7.0,,25,368,373,8.0,17.0,,,129,138,187,,,,,,,,,,,,,,,,,,
"LR",1999,25,1999-01-25,0.000,1,1,1.00,1.26,5.01,4.73,30.0,,82,151,280,9.0,21.0,,,48,6,82,,,,,,,,,,,,,,,"E",,,
"LR",1999,25,1999-01-25,0.000,1,2,0.92,1.40,5.66,5.64,14.0,,63,140,210,4.0,20.0,,,30,74,48,,,,,,,,,,"E",,"E",,,,,"AE",
"LR",1999,25,1999-01-25,4.000,1,1,1.42,1.58,4.06,4.04,38.0,,119,161,161,7.0,15.0,,,77,40,116,,,,,,"L",,"L",,,,,,,,"L","L",
"LR",1999,25,1999-01-25,4.000,1,2,1.68,1.92,4.55,4.36,14.0,,190,161,118,7.0,14.0,,,95,48,107,,,"A",,"A",,,,,,,,,,"E",,,
"LR",1999,25,1999-01-25,4.000,2,1,1.33,1.59,4.08,3.82,16.0,,86,156,129,6.0,16.0,,,74,82,82,,,"A",,"A","L",,"L","E",,,,,,,"L","L",
"LR",1999,25,1999-01-25,6.000,1,2,1.86,2.10,4.48,4.37,22.0,,187,129,247,10.0,19.0,,,118,82,99,,,,,,,,,,,,,,,,,,
"LR",1999,25,1999-01-25,8.000,1,1,2.72,2.76,4.36,4.18,11.0,,199,118,269,18.0,37.0,,,224,201,184,,,,,,,,,,,,,,,,,,
"LR",1999,60,1999-03-01,0.000,1,1,1.03,1.20,4.16,4.14,19.0,,92,447,523,4.0,13.0,,,41,53,28,,,,,,,,,,,,,,,,,,
"LR",1999,60,1999-03-01,0.000,1,2,1.03,1.30,5.06,4.94,15.0,,84,432,477,2.0,11.0,,,32,20,40,,,,,,,,,,,,,,,,,"E",
"LR",1999,60,1999-03-01,4.000,1,1,1.51,1.54,3.95,3.67,20.0,,142,455,546,3.0,13.0,,,112,96,104,,,,,,,,,,,,,,,,,,
"LR",1999,60,1999-03-01,4.000,1,2,2.25,2.15,4.17,4.16,10.0,,270,644,644,9.0,19.0,,,180,138,155,,,,,,,,,,,,,,,,,,
"LR",1999,60,1999-03-01,4.000,2,2,2.26,2.31,4.07,4.13,10.0,,275,606,637,8.0,19.0,,,187,200,189,,,,,,,,,,,,,,,,,,
"LR",1999,60,1999-03-01,6.000,1,2,2.48,2.34,4.60,4.30,19.0,,388,697,735,16.0,36.0,,,218,215,215,,,,,,,,,,,,,,,,,,
"LR",1999,60,1999-03-01,9.000,1,1,4.70,5.18,5.84,4.82,0.0,,940,1414,1460,131.0,157.0,,,504,393,494,,,,,,,,,,,,,,,,,,
"LR",1999,81,1999-03-22,0.000,1,1,1.32,1.52,4.70,4.60,64.0,,100,285,408,1.0,10.0,,,47,56,99,,,,,,,,,,,,,,,,,,
"LR",1999,81,1999-03-22,0.000,1,2,1.05,1.28,5.30,5.32,50.0,,32,354,364,3.0,7.0,,,40,56,39,,,,,,,,,,,,,,,"E",,,
"LR",1999,81,1999-03-22,4.000,1,1,3.02,3.00,3.84,3.88,28.0,,207,334,413,8.0,14.0,,,149,150,158,,,,,,"L",,,,,,,,,,,,
"LR",1999,81,1999-03-22,4.000,1,2,2.76,3.32,4.16,4.22,15.0,,228,467,447,5.0,16.0,,,155,141,158,,,,,,,,,,,,,,,,,,
"LR",1999,81,1999-03-22,4.000,2,1,2.62,2.96,4.01,4.12,19.0,,203,344,418,8.0,14.0,,,149,150,141,,,,,,"L",,,,,,,,,,,,
"LR",1999,81,1999-03-22,6.000,1,2,3.15,4.80,4.43,5.08,11.0,,372,624,658,9.0,36.0,,,224,200,319,,,,,,,,,,,,,,,,,,
"LR",1999,81,1999-03-22,9.000,1,1,6.34,7.84,6.30,5.71,9.0,,963,1078,1526,144.0,78.0,,,548,497,675,,,,,,,,"E",,,,,,,,,,
"LR",1999,131,1999-05-11,0.000,1,1,0.63,0.97,3.86,3.61,0.0,,23,207,212,11.0,12.0,,,31,19,37,0.71,,,,,"L",,"L",,,,,,,,,,"L"
"LR",1999,131,1999-05-11,0.000,1,2,0.68,1.17,4.46,3.40,1.0,,7,140,210,5.0,12.0,,,19,0,301,1.06,,,,,,,,,,,"E",,,,,"E",
"LR",1999,131,1999-05-11,0.000,2,1,0.61,0.98,3.81,3.58,8.0,,34,151,190,9.0,14.0,,,13,37,56,1.01,,,,,"L",,"L",,,,,,,,,,"L"
"LR",1999,131,1999-05-11,4.000,1,1,0.69,1.10,3.51,3.39,1.0,,21,168,196,8.0,20.0,,,30,19,19,1.05,,,,,,,,,,,,,,,,,
"LR",1999,131,1999-05-11,4.000,1,2,0.79,1.25,3.88,4.10,0.0,,6,168,201,5.0,12.0,,,23,283,47,1.50,,,,,,,,,,,,,,,,"A",
"LR",1999,131,1999-05-11,6.000,1,1,1.49,1.97,3.56,3.40,2.0,,29,223,376,8.0,35.0,,,25,37,74,3.02,,,,,,,,,,,,,,"E",,,
"LR",1999,131,1999-05-11,6.000,1,2,1.60,3.07,4.07,3.59,10.0,,115,380,369,15.0,46.0,,,255,223,477,4.56,,,,,,,,,,,,,,,,,
"LR",1999,131,1999-05-11,9.000,1,1,2.77,3.11,4.07,3.53,3.0,,125,375,531,38.0,65.0,,,180,158,176,3.19,,,,,,,,,,,,,,,,,
"LR",1999,158,1999-06-07,0.000,1,1,0.55,0.82,4.43,4.31,2.0,,15,236,280,8.0,16.0,,,12,0,19,0.57,,,,,,,,,"E",,"E",,,,,,
"LR",1999,158,1999-06-07,0.000,1,2,0.62,0.91,4.83,4.90,3.0,,22,370,459,13.0,22.0,,,15,0,0,0.71,,,,,,,,,"E",,"E",,,"LE","L","LA",
"LR",1999,158,1999-06-07,4.000,1,1,0.99,1.27,4.04,3.97,2.0,,4,216,300,8.0,22.0,,,32,28,28,1.14,,,,,,,,,,,,,,,,,
"LR",1999,158,1999-06-07,4.000,1,2,0.67,0.98,4.82,4.97,9.0,,23,409,439,13.0,23.0,,,40,19,28,0.73,,,,,,,"L",,,,,,,,,,"L"
"LR",1999,158,1999-06-07,4.000,2,2,0.71,0.99,4.90,5.23,0.0,,12,449,449,14.0,22.0,,,61,56,28,1.86,,,,,"E",,"LE",,,,,,,"L","L","L","L"
"LR",1999,158,1999-06-07,6.000,1,1,2.14,2.56,3.56,3.68,2.0,,15,280,399,10.0,29.0,,,52,93,0,5.21,,,,,,,,,,,,,,"E",,"A",
"LR",1999,158,1999-06-07,6.000,1,2,3.37,3.82,5.56,5.63,2.0,,8,668,628,43.0,49.0,,,187,176,185,2.07,,,,,,,,,,,,,,,"E",,
"LR",1999,158,1999-06-07,9.000,1,1,5.35,6.64,4.48,4.64,0.0,,98,414,627,21.0,60.0,,,211,194,213,0.57,,,,,,,"E",,,,,,,,"E",,
"LR",1999,172,1999-06-21,0.000,1,2,0.62,0.92,5.08,4.98,0.0,,18,250,275,5.0,6.0,,,42,167,121,,,,,,,,"L",,,"L","L",,,,,,
"LR",1999,172,1999-06-21,0.000,2,2,0.62,0.86,5.11,5.29,1.0,,12,280,315,13.0,13.0,,,46,187,167,,,,,,,,"L",,,"L","L",,,,,,
"LR",1999,172,1999-06-21,4.000,1,2,0.93,1.34,5.29,5.24,0.0,,12,240,384,5.0,20.0,,,70,207,214,,,,,,,,,,"E",,"E",,,,,,
"LR",1999,172,1999-06-21,6.000,1,2,5.96,7.15,7.05,6.72,0.0,,26,801,1095,69.0,8.0,,,249,339,339,,,,,,,,,,,,,,,,,,
"LR",1999,188,1999-07-07,0.000,1,1,0.64,0.75,5.02,5.28,1.0,,27,171,255,7.0,12.0,,,25,148,181,0.69,,,,,,,,,,,,,,"E",,,
"LR",1999,188,1999-07-07,0.000,1,2,,,,,,,,,,,,,,,,,0.62,,,,,,,,,,,,,,,,,"L"
"LR",1999,188,1999-07-07,0.000,2,2,,,,,,,,,,,,,,,,,1.25,,,,,,,,,,,,,,,,,"L"
"LR",1999,188,1999-07-07,2.000,1,1,0.73,0.77,5.01,4.85,1.0,,8,221,270,8.0,13.0,,,26,154,181,0.79,,,,,,,,,"E",,"E",,,,,,
"LR",1999,188,1999-07-07,4.000,1,2,,,,,,,,,,,,,,,,,1.49,,,,,,,,,,,,,,,,,
"LR",1999,188,1999-07-07,6.000,1,1,2.55,2.82,3.86,3.96,0.0,,16,171,226,9.0,18.0,,,11,134,141,0.71,,,,,,,,,,,,,,,,,
"LR",1999,188,1999-07-07,6.000,1,2,,,,,,,,,,,,,,,,,1.30,,,,,,,,,,,,,,,,,
"LR",1999,188,1999-07-07,9.000,1,1,8.63,9.52,6.57,5.83,1.0,,629,870,1190,52.0,105.0,,,298,406,419,1.77,,,,,,,,,,,,,,,,,
"LR",1999,214,1999-08-02,0.000,1,1,0.68,0.72,4.52,4.87,1.0,,9,255,314,6.0,10.0,,,29,152,178,0.50,,,,,,,,,,,,,,,,,
"LR",1999,214,1999-08-02,0.000,1,2,0.56,0.63,5.03,5.22,1.0,,15,255,329,5.0,11.0,,,36,41,245,1.52,,,,,,,,,,,,,,,,,
"LR",1999,214,1999-08-02,2.000,1,1,0.72,0.81,4.54,4.41,0.0,,7,258,265,9.0,12.0,,,34,165,192,0.58,,,,,,,,"E",,"E",,,,"E",,,
"LR",1999,214,1999-08-02,4.000,1,2,1.31,1.33,4.79,5.22,6.0,,31,374,428,11.0,22.0,,,82,271,317,2.53,,,,,,,,,,,,,,,,,
"LR",1999,214,1999-08-02,6.000,1,1,3.38,3.46,3.69,3.77,6.0,,18,240,339,7.0,20.0,,,27,159,172,1.84,,,,,,,,,,,,,,,,,
"LR",1999,214,1999-08-02,6.000,1,2,9.45,12.80,7.97,7.79,3.0,,20,671,1195,21.0,75.0,,,396,555,555,2.62,,,,,,,,,,,,,,,,,
"LR",1999,214,1999-08-02,6.000,2,1,2.96,3.26,3.88,4.25,3.0,,16,240,359,10.0,19.0,,,17,152,178,2.09,,,,,,,,,,,,,,,,,
"LR",1999,214,1999-08-02,9.000,1,1,8.59,10.59,6.08,6.30,15.0,,787,1174,1673,83.0,138.0,,,384,496,549,1.34,,,,,,,,,,,,,,,,,
"LR",1999,242,1999-08-30,0.000,1,1,0.79,0.95,4.34,4.12,0.0,,10,233,228,7.0,13.0,,,52,40,66,1.22,,,,,,,,,,,,,,,,,
"LR",1999,242,1999-08-30,0.000,1,2,0.80,1.05,4.79,4.61,4.0,,17,287,307,3.0,8.0,,,48,49,80,2.94,,,,,,,,,,,,,,,,,
"LR",1999,242,1999-08-30,4.000,1,1,0.93,1.08,4.13,4.13,0.0,,6,247,277,6.0,12.0,,,67,67,75,1.59,,,,,,,,,,,,,,,,,"L"
"LR",1999,242,1999-08-30,4.000,1,2,1.34,1.32,4.22,4.70,1.0,,9,267,337,3.0,16.0,,,61,40,84,2.97,,,,,,,,,,,,,,,,,
"LR",1999,242,1999-08-30,4.000,2,1,0.99,1.11,4.46,4.39,1.0,,8,238,252,4.0,17.0,,,62,58,84,0.47,,,,,,,,,,,,,,,,,"L"
"LR",1999,242,1999-08-30,6.000,1,1,2.94,3.69,4.30,4.04,1.0,,24,228,386,8.0,31.0,,,25,119,58,0.65,,,,,,,,,,,,,,,,,
"LR",1999,242,1999-08-30,6.000,1,2,10.01,15.13,6.94,8.46,2.0,,53,1324,1335,56.0,82.0,,,632,607,520,16.41,,,,,,,,,,,,,,,,,
"LR",1999,242,1999-08-30,9.000,1,1,9.00,11.68,7.13,6.84,3.0,,1425,1871,2278,77.0,162.0,,,491,450,520,10.46,,,,,,,,,"E",,"E",,,,,,
"LR",1999,270,1999-09-27,0.000,1,1,0.84,0.80,4.15,4.62,9.0,,63,264,225,7.0,21.0,,,65,4,31,0.42,,,,,"L",,"L","E",,,"L",,,,"L","L",
"LR",1999,270,1999-09-27,0.000,1,2,0.85,0.98,4.60,4.59,3.0,,37,496,439,10.0,18.0,,,103,31,44,1.02,,,,,,,,,,,,,,,,"E",
"LR",1999,270,1999-09-27,0.000,2,1,0.93,1.03,4.27,4.57,1.0,,11,304,189,7.0,11.0,,,65,0,22,0.55,,,,,"L",,"L","E",,,"L",,,"E","L","L",
"LR",1999,270,1999-09-27,4.000,1,2,0.98,1.23,4.54,4.57,4.0,,173,449,507,9.0,44.0,,,114,57,22,0.59,,,,,,,,,,,,,,,,,
"LR",1999,270,1999-09-27,6.000,1,1,1.57,1.21,3.94,4.16,3.0,,20,220,215,9.0,32.0,,,105,31,0,0.39,,,,,,,,,,,,,,,,"E",
"LR",1999,270,1999-09-27,6.000,1,2,1.70,1.94,4.64,4.53,4.0,,54,486,564,27.0,29.0,,,159,74,100,2.00,,,,,,,,,,,,,,,,,
"LR",1999,270,1999-09-27,8.000,1,1,11.56,14.17,7.30,7.08,8.0,,1390,1631,1701,58.0,103.0,,,559,414,423,8.75,,,,,,,,,,,,,,,,,
"LR",1999,270,1999-09-27,9.000,1,1,13.59,15.68,8.70,7.89,8.0,,1685,393,2779,95.0,180.0,,,694,545,598,9.08,,,,,,,,,"E",,"E",,,,,,
"LR",1999,298,1999-10-25,0.000,1,1,1.05,1.19,4.21,4.20,14.0,,63,311,368,6.0,11.0,,,103,73,112,0.73,,,,,,,,"E",,"E",,,,,,,
"LR",1999,298,1999-10-25,0.000,1,2,0.78,1.06,4.82,4.85,3.0,,14,287,389,5.0,14.0,,,40,45,83,0.46,,,,,,,"L",,,,,,,,,,
"LR",1999,298,1999-10-25,0.000,2,2,0.79,1.09,4.89,4.88,2.0,,25,287,405,6.0,14.0,,,44,54,208,0.56,,,,,,,"L",,,,,,,,,,
"LR",1999,298,1999-10-25,4.000,1,1,1.10,1.22,4.18,4.29,16.0,,75,378,378,7.0,15.0,,,103,78,121,0.27,,,,,,,,,,,,,,,"E",,
"LR",1999,298,1999-10-25,4.000,1,2,0.79,1.11,4.85,4.95,5.0,,24,303,373,6.0,14.0,,,34,25,102,1.46,,,,,,,,,,,,,,,,,
"LR",1999,298,1999-10-25,6.000,1,2,0.80,1.11,4.88,4.89,3.0,,12,303,384,6.0,16.0,,,41,54,102,0.41,,,,,,,,"E",,"E",,,,,,,
"LR",1999,298,1999-10-25,9.000,1,1,1.09,1.32,4.25,4.18,6.0,,60,319,416,6.0,14.0,,,103,102,140,0.42,,,,,,,,,,,,,,,,,
